"Commute.ID","FPM.Total","BC","OC","WSOC","PNC","pbPAH","B","S","As","Mo","Pb","Al","Ca","K","Ba","Ni","V","Ce","Fe","Zn","Cu","Mn","Cr","Na","Mg","U","P","Ti","Cd","Co","Sb","NOISE"
"HE39",1.51,3.607811556,23.9667019814656,4.481,24431.89353,0.09065127021,0.00034486,0.0068478,1.469e-05,2.818e-05,1.996e-05,0.00357828,0.00076522,0.00147611,6e-05,0.00026478,1.192e-05,6.6e-07,0.00052004,0.01394998,0.00136453,3.775e-05,0.0007015,0.00446107,0.00221841,2.6e-07,7.536e-05,0.00075647,3.67e-06,1.133e-05,0.00018928,66.37833653
"AS03",1.51,4.996560553,23.463,3.915,24481.4248,0.1158626907,0.00344108,0.2143712,0.00041737,0.00107616,0.00404695,0.01578872,0.01836244,0.02845698,0.02134802,0.00046633,0.00041,7.657e-05,0.22307268,0.04050594,0.09306081,0.00225544,0.00062903,0.01403574,0.00481226,4.06e-06,0.00416667,0.00917166,4.33e-05,3.703e-05,0.00380265,75.41552562
"AS25",1.51,6.137674724,22.317,8.577,12427.88225,0.1104082625,0.00378153,0.21974288,0.00027708,0.00093742,0.00046801,0.02994213,0.07032135,0.02958324,0.02141892,0.00082137,0.00030141,8.97e-05,0.21830939,0.0108016,0.02860475,0.00195755,0.0012658,0.027234,0.01354314,4.32e-06,0.00512647,0.00870795,2.702e-05,2.138e-05,0.00217759,68.15741394
"AS26",1.51,7.25040889,8.691,3.24,23046.58312,0.1278908123,2.185e-05,0.01200566,4.467e-05,4.941e-05,5.333e-05,0.05601216,0.01682347,0.00258794,0.00010519,0.00103314,0.00119838,5.152e-05,0.00362565,0.00590828,9.365e-05,2.036e-05,0.00133806,0.00782121,0.00296593,6.2e-07,0.00063078,0.00084397,6.44e-06,3.504e-05,0.00033185,72.02033062
"HE18",3.082,9.161593599,20.184,1.663,12034.67511,0.1606929032,0.00031866,0.01749126,6.782e-05,0.00010498,5.427e-05,0.00545871,0.01363305,0.0077033,0.00158062,0.00040392,8.836e-05,1e-06,0.0398599,0.00275866,0.00208161,0.00019442,0.00107015,0.01580407,0.00158312,1.7e-07,0.00141012,0.00056424,7.43e-06,1.728e-05,2.387e-05,68.81096758
"AS31",4.588,2.434585694,10.459,3.127,11689.85151,0.07212355848,0.00093616,0.02683252,4.195e-05,0.00014273,2.918e-05,0.00585142,0.01569161,0.00136026,0.00071172,0.00043298,0.00016689,1.334e-05,0.00518871,0.0023608,0.00242387,8.77e-06,0.00114714,0.00729501,0.00169701,5.8e-07,0.00070124,0.00123702,2.453e-05,1.853e-05,0.00030952,70.54568553
"HE13",5.306,2.487603308,19.3,3.681,12741.72526,0.05814374354,0.01035102,0.03724967,5.385e-05,0.00039328,0.00275015,0.00200231,0.00453054,0.00508833,0.00389362,0.00016944,8.136e-05,4.886e-05,0.04040927,0.02646294,0.0514277,0.00034535,0.00083716,0.01963786,0.00196508,6.3e-07,0.00114706,0.00116281,1.236e-05,3.56e-06,0.00017836,75.7590631796513
"HE22",6.019,5.253295563,16.578,0.196,15844.9920619845,0.09862892224,0.0005208,0.07286595,0.00014622,0.00034857,0.00034081,0.01827086,0.05159362,0.01300286,0.01410838,0.00015866,0.00019895,4.816e-05,0.13228547,0.00424511,0.01784596,0.0011987,0.00047427,0.02904773,0.00464191,2.63e-06,0.00331516,0.00701633,7.33e-06,1.301e-05,0.00121892,69.79943997
"AS27",6.173,7.09496311,17.351,4.841,38299.96242,0.09363295269,0.00248755,0.04290397,9.041e-05,7.441e-05,0.00010265,0.00875163,0.0056768,0.01009639,0.00150437,0.00030987,9.148e-05,1.451e-05,0.019451,0.00037163,0.00090589,0.00100105,0.00082097,0.03402237,0.00189085,6.3e-07,4.65e-05,0.00050118,4.4e-06,1.22e-06,0.00042389,65.2296174735883
"AS35",6.391,4.572673798,10.523,3.007,31344.66889,0.099276411,0.00129815,0.16300393,0.00016931,0.0003804,0.00033792,0.0077472,0.01019814,0.00540033,0.00880476,0.00030157,0.00013844,1.173e-05,0.10468568,0.00098625,0.00960203,0.00087148,0.00079898,0.00617824,0.00261746,1.67e-06,0.0022349,0.00201987,7.93e-06,1.272e-05,0.00104336,72.88414723
"AS36",6.612,4.71634215224045,15.87,0.544,16991.55315,0.09037802908,0.00091937,0.14034886,0.00043031,0.00047337,0.00069415,0.00507352,0.01445936,0.01709511,0.01927971,0.00038044,7.663e-05,6.103e-05,0.15885096,0.00511779,0.01588336,0.00169294,0.00079493,0.00583274,0.00306121,1.63e-06,0.00335509,0.00469089,2.578e-05,1.582e-05,0.00295956,69.90129429
"SA22",6.73,4.14264,6.61,3.0227,11103.4,0.105858953856015,0.000824734324,0.05623839744,0.000208454475,0.01097795074,0.000231872934,0.01575266271,0.02183275845,0.004040008464,0.01360942761,0.002018470421,0.000187886584,6.5466849e-05,0.1194571528,0.001998545147,0.1091916756,0.001015050969,0.001148270323,0.005823562,0.002776088027,1.560852e-06,0.002675116701,0.005108587745,1.8900251e-05,8.705734e-06,0.001193321978,66.3969
"SA35",6.78,1.86675,5.10919515166157,15.158,12317.3,0.0703703,0.000613030302,0.04605437275,0.000186307421,0.007211651177,0.000283476907,0.003482529928,0.00872315376,0.004939123692,0.008595694538,0.001005228263,0.000109799654,2.7634968e-05,0.08186106808,0.002443326981,0.03704618773,0.000633446453,0.001403821108,0.007119612075,0.003393914212,8.90129e-07,0.00302714995,0.002174772954,5.815793e-06,1.064322e-05,0.000930723466,64.2661
"SA28",6.88,2.37817,4.12,3.2262,17589.0723444825,0.0931016,0.0002516813,0.024225853,0.000123937765,0.005901370614,0.000256860368,0.003155544239,0.007904109415,0.004475373833,0.005073960735,0.00091084422,0.000155540319,2.5040234e-05,0.03704828402,0.002213915325,0.02780893319,0.000219846598,0.001272011928,0.006451129303,0.003075248931,8.06552e-07,0.001115768318,0.001970576681,8.51815e-06,9.643895e-06,0.000604397808,71.1641
"AS21",7.801,1.071335127,21.446,3.146,20458.34186,0.07720098847,0.00038758,0.15304005,0.00012862,0.00099444,0.00048285,0.07794126,0.01823366,0.03874201,0.00600475,0.00013557,0.00033186,6.206e-05,0.06484677,0.00844183,0.04465754,0.00221669,0.00045071,0.02356495,0.00519697,4.99e-06,0.00256599,0.0019378,1.332e-05,1.352e-05,0.00064884,72.22789969
"SH47",7.83,2.38598,5.7,7.5055,24925.1,0.0922176,0.000603564664,0.1265914811,0.000228187333,0.01277588088,0.00023950175,0.02031249641,0.03038161561,0.004172928154,0.008416567825,0.000849289385,0.000218485669,2.3348015e-05,0.06816419962,0.006816596065,0.1449881493,0.000544261074,0.003071418058,0.006015162108,0.002867423667,7.52045e-07,0.001715158693,0.001837405146,7.109396e-06,8.99216e-06,0.01843520263,70.564
"SA19",8.08,2.54482,0.14,3.2437,26670,0.0746373369471334,0.000691711379,0.3023303133,0.000170337129,0.000528949534,0.000425598164,0.01073990939,0.02169819716,0.01256909853,0.0101456567,0.000728588747,0.000349400337,0.000110377058,0.1546007686,0.005261244257,0.02012248584,0.001083895192,0.001017488563,0.02893670217,0.002459906662,9.360935e-06,0.002343282292,0.006472732103,2.4824317e-05,1.825356e-05,0.001106904813,64.3735
"HE38",8.447,2.88016657,26.724,1.118,17462.32741,0.09741818182,0.00059665,0.13392151,0.00015734,0.00047788,0.00030367,0.05878465,0.03639296,0.00949615,0.01818132,0.00279006,0.0008019,9.096e-05,0.16813823,0.01948825,0.01107335,0.00114937,0.00046543,0.00524615,0.00793454,3.38e-06,0.00315065,0.00857846,6.63e-06,3.325e-05,0.00230446,72.99530878
"SH28",8.79,3.84275,6.62,6.4511,30962.9,0.103292,0.003581675654,0.0874105384,0.000165996063,0.001213841561,0.000241702877,0.01605731617,0.02777959158,0.04139809606,0.02045956323,0.00085709473,0.000520428834,0.000228732315,0.173885875,0.006972939441,0.02004274009,0.001431808467,0.001196949704,0.5113107375,0.009100199789,7.58957e-07,0.00329911302,0.0136203023,1.5658563e-05,2.1908768e-05,0.00129327779,68.4052
"AS39",8.816,7.795505331,6.04,1.088,30437.58677,0.1069461827,0.0016029,0.04942288,0.00036331,5.386e-05,0.00036749,0.01158924,0.00893599,0.00251532,0.00078294,5.55e-05,0.00016431,9.16e-06,0.01210615,0.00162009,0.00023076,0.00012225,8.54e-06,0.00500617,0.00139448,7.5e-07,0.00107012,0.0008489,6.56e-06,9.89e-06,0.00017012,67.99155494
"AS15",8.835,4.414994432,20.334,3.213,16305.70902,0.0820464,0.0006731,0.09720798,0.00025108,0.00069395,0.00024455,0.01562048,0.01475062,0.01235836,0.00959123,0.00044204,0.00015938,2.693e-05,0.11424614,0.00245681,0.01134724,0.00112187,0.00056151,0.00585541,0.00333484,1.12e-06,0.00266464,0.0022526,1.643e-05,1.36e-05,0.00118138,72.08400897
"AS33",8.914,8.171898831,8.012,0.353,38960.14165,0.1242274619,0.00122621,0.14165379,0.00060756,0.00051295,0.00084715,0.01474743,0.00665401,0.01456777,0.01669288,0.00051064,0.00014718,6.543e-05,0.18556967,0.00486213,0.02470929,0.00169479,0.00018614,0.01713334,0.00218512,1.43e-06,0.00339782,0.0031658,1.654e-05,2.903e-05,0.00163678,66.77551729
"AS22",9.323,1.835061796,14.839,1.632,5868.293395,0.07443013366,0.00066153,0.08633348,0.00014152,0.00027264,0.00028464,0.07406797,0.01532962,0.00402792,0.00350802,0.00367636,0.00023877,3.388e-05,0.02120666,0.00343304,0.01107192,0.0003324,0.00060074,0.00382026,0.00268532,1.08e-06,0.00188637,0.00074713,1.193e-05,1.143e-05,0.00029356,71.08037235
"SA18",9.51,6.46087,8.29,3.4435,16764.8,0.132855777858017,0.000248611295,0.05732420733,0.000383467525,0.002966139808,0.000253727189,0.01463477495,0.03517730963,0.01433111483,0.01876700097,0.000899733754,0.000118166013,7.3933344e-05,0.1922785381,0.002186910016,0.03932314633,0.001464402708,0.001256495944,0.006372438515,0.003037737086,3.514726e-06,0.005983789959,0.005387191335,1.0384654e-05,2.9850503e-05,0.001642837416,67.8482
"SA41",9.56,4.49241,7.78,3.3779,11916.3198668972,0.0943574008829926,0.00209341438,0.1658012467,0.000284608992,0.01119538619,0.000214981265,0.02599140237,0.02561607485,0.01438735608,0.03966448697,0.000762338089,0.000322917188,0.000193251538,0.2683863238,0.001852953493,0.1480638929,0.002012465299,0.001064620186,0.01198165176,0.005817912578,2.506974e-06,0.003893283437,0.0119078818,1.5780702e-05,2.2999779e-05,0.004066944854,70.7784
"HE23",9.712,4.888759688,11.73,2.035,14223.88668,0.09570998415,0.00200156,0.10798291,0.00041941,0.00031833,0.00024702,0.00745241,0.00604025,0.00690794,0.004945,6.876e-05,0.00031764,6.278e-05,0.05610404,0.00179398,0.00314177,0.0005224,2.967e-05,0.02043987,0.00468265,7.1e-07,0.00150939,0.00311356,4.7e-07,4.367e-05,0.00049688,70.31534677
"AS14",9.976,4.177074104,12.857,2.76,20806.40923,0.0857928008360844,0.00286133,0.10876548,0.0002727,0.00025012,0.00024627,0.02353813,0.0193485,0.01127372,0.00684556,0.00066411,0.00047803,3.447e-05,0.08007901,0.00866441,0.00450771,0.0007598,0.0010473,0.00566484,0.00844292,7.1e-07,0.00307772,0.00271153,2.618e-05,7.04e-06,0.00090041,71.92648614
"SH37",10,4.56155,6.96,10.0942,15200.8,0.0909492,0.000874937826,0.150311937,0.000220889582,0.01631757468,0.000261719288,0.1135176661,0.05667074568,0.02643306397,0.02449890773,0.000928074278,0.000598598334,0.00016002565,0.3287565235,0.007449887309,0.1829216639,0.003036141023,0.001296074044,0.060976662,0.01973198746,6.378579e-06,0.007984733832,0.01539618902,1.2650828e-05,4.0019502e-05,0.002460321565,66.8662
"HE28",10,7.900639676,22.908,2.298,38147.81558,0.1168543689,0.00090128,0.08798467,0.00049273,0.00080478,0.000471,0.00799233,0.02662839,0.01458288,0.0182737,0.00045073,0.00019549,8.359e-05,0.19454652,0.0061464,0.08380037,0.00165604,0.00076811,0.00870701,0.00346818,1.63e-06,0.0080018,0.0032795,1.42e-05,1.549e-05,0.00191081,72.16514373
"AS32",10.247,4.021424134,6.89284348336762,0.733,12889.5222,0.09607022107,0.00136721,0.10062153,0.0002443,0.00011656,0.00020791,0.00925044,0.0096044,0.00430982,0.0025558,0.00198734,0.0006899,2.46e-06,0.03694655,0.00013791,0.00343424,0.00019762,0.00084168,0.00354194,0.00503933,8.5e-07,0.00076046,0.00076111,2.317e-05,1.89e-06,0.00016163,72.19566463
"HE14",10.365,3.645366416,12.802,3.668,29302.96014,0.08226907074,0.00122224,0.11520523,0.00015286,0.00057249,0.00078681,0.05247551,0.03328304,0.04498811,0.01750351,0.00013042,0.0003431,8.15e-05,0.2036085,0.01347544,0.02720478,0.00221421,0.00038975,0.02543221,0.00944202,2.83e-06,0.00389272,0.00665676,1.234e-05,1.698e-05,0.0017124,72.13746702
"SA52",10.6,3.36045,4.33,7.2505,15123.8,0.0880009806972094,0.001340557825,0.1887004485,0.000200689485,0.007162270567,0.000232713952,0.02355169425,0.02941957706,0.004054661833,0.0190782761,0.000825219397,0.000184778112,2.2686302e-05,0.1448041037,0.002005793998,0.06549149124,0.001779975723,0.001152435173,0.005844684431,0.002786157075,7.119842e-06,0.003549929405,0.007061606881,2.5577242e-05,8.737311e-06,0.002401216013,67.0376961062413
"SH59",10.62,3.19187,4.75,3.713,11224.7,0.0944235,0.000586533734,0.01231781209,0.000182652752,0.007085438736,0.000280611254,0.009514764927,0.008634971862,0.004889194353,0.005931937436,0.000995066464,0.000110160912,2.7355608e-05,0.03613968616,0.002418627518,0.04258628339,0.000201116151,0.001389629955,0.007047640294,0.003359605313,8.81131e-07,0.001121095046,0.00215278829,2.330593e-06,1.0535628e-05,0.000411661307,70.996
"AS30",11.072,8.681065732,16.624,1.605,23919.0051,0.1254918478,0.00386965,0.26381675,0.00037284,0.00042161,0.00037361,0.01832004,0.0240788,0.02538002,0.01671476,0.00121846,0.00094234,5.02e-05,0.17210607,0.00331714,0.01428418,0.00162691,0.00039027,0.00189692,0.00642806,4.07e-06,0.00149927,0.00854834,2.829e-05,2.136e-05,0.00287338,68.19875637
"AS16",12.096,4.325749207,11.1,0.574,23855.80892,0.09082940361,0.00071936,0.31061553,0.00023033,0.00058344,0.00061264,0.03310405,0.03136954,0.01677853,0.01824151,0.00149839,0.00016786,9.295e-05,0.21095803,0.00748854,0.0198617,0.00224623,0.00140709,0.00219546,0.00649221,3.05e-06,0.00443104,0.0111749,2.767e-05,3.049e-05,0.0031338,72.33164838
"HE05",12.196,3.287298196,30.026,2.36,21118.37713,0.08738540333,0.00142694,0.14251533,0.0005235,0.00057285,0.00095609,0.01747828,0.03866207,0.03078181,0.00882707,0.00028495,0.00078865,4.408e-05,0.09668757,0.00511056,0.01268984,0.00119945,0.0001078,0.05094043,0.01419433,1.72e-06,0.00637211,0.01346104,3.419e-05,6.244e-05,0.00134691,68.6849282706578
"AS05",12.403,9.090472837,16.427,3.645,28919.31475,0.163482066,0.00184251,0.26603207,0.00034501,0.00050216,0.00051803,0.02510491,0.0396991,0.02331932,0.01995788,0.00032737,0.00015556,0.00015328,0.2054152,0.00790076,0.01701609,0.00174716,0.00062008,0.02000557,0.00848089,2.62e-06,0.00414004,0.00708909,2.278e-05,1.049e-05,0.00219031,72.06480391
"AS40",12.431,5.260339845,8.381,2.775,15024.21623,0.1009323621,0.00146679,0.12562652,0.00013692,0.00045071,0.00027626,0.10119342,0.02092263,0.01222189,0.0133301,0.00051932,0.00064376,2.881e-05,0.14624719,0.00190006,0.01152619,0.00122387,0.00035677,0.00295875,0.00585487,1.79e-06,0.00218029,0.00471959,1.919e-05,1.798e-05,0.00122646,71.18740756
"AS20",12.433,5.849023403,18.591,3.928,24119.34532,0.09653896962,0.00537005,0.22236507,0.00025582,0.00047671,0.00075497,0.02767549,0.03678543,0.02892341,0.01360213,0.00156759,0.00066152,6.711e-05,0.15472917,0.00596074,0.01431944,0.00154591,0.00071525,0.00267127,0.01211162,3.43e-06,0.00404187,0.00722139,5.353e-05,2.945e-05,0.0018247,70.67480492
"AS08",12.515,2.341373412,15.926,3.355,31982.3814,0.08034765101,0.0019629,0.16730282,0.00029714,0.00053181,0.0007909,0.01042203,0.00690139,0.00990263,0.00379425,0.00206144,0.00039013,1.535e-05,0.05598966,0.00455269,0.01751764,0.00101299,0.00315149,0.00806359,0.00113456,2.27e-06,0.00217868,0.00073548,2.279e-05,3.798e-05,0.00047088,66.33336917
"AS29",12.629,3.385158514,14.125,13.332,28547.06618,0.0854496,0.00174209,0.1157256,0.0001666,0.00016177,4.607e-05,0.01610588,0.04319077,0.02480355,0.00060151,0.00119177,0.00094394,3.673e-05,0.00671659,0.00452698,0.00614178,0.0014996,0.00315748,0.05676339,0.00467099,1.58e-06,0.00346937,2.912e-05,9.7e-07,5.1e-05,0.00085195,70.9958360204163
"HE04",12.656,4.656130029,20.301,2.052,30510.67156,0.1014931677,0.00474439,0.39986809,0.000234,0.00038345,0.00161795,0.02590183,0.03619009,0.0240297,0.01451296,0.00015354,0.00051797,7.485e-05,0.11909136,0.01713879,0.02757062,0.00124495,0.0004602,0.02458898,0.00845126,2.99e-06,0.00280123,0.00726061,0.00013543,2.418e-05,0.00165581,72.56112424
"SA30",12.8,7.09702,9.24243805437958,2.9782,30111.6,0.121703,0.001724468849,0.04304608817,0.000487939021,0.0218805459,0.000247388485,0.03369166881,0.02291810781,0.004310341686,0.02626460457,0.000877256282,0.000212320126,6.7964617e-05,0.2431441529,0.002132275844,0.1841210816,0.001923484879,0.001225105711,0.006213239965,0.002961847246,1.965633e-06,0.006592349073,0.008471787793,2.1299129e-05,2.9899768e-05,0.001873338204,69.3377
"AS41",12.831,9.566943131,13.167,3.412,28016.2245798508,0.127003672,0.00085983,0.07343143,0.00061001,0.00091351,0.00074569,0.02573669,0.02545797,0.01157666,0.0196165,0.0030606,0.00038779,6.992e-05,0.19344594,0.00810728,0.02578548,0.00162541,0.00046233,0.00421499,0.00742885,2.36e-06,0.00648243,0.00963867,4.942e-05,4.815e-05,0.00214855,70.83389291
"HE17",13.114,4.624422473,16.853,1.374,29161.79944,0.1197182482,0.00253659,0.17599185,8.788e-05,0.00048673,0.00268109,0.01702758,0.01780065,0.02525562,0.00875564,0.00067902,0.00089376,3.122e-05,0.18770313,0.02186011,0.05087517,0.00157217,0.00169022,0.07103527,0.01340736,8.9e-07,0.00272732,0.00422275,2.591e-05,2.977e-05,0.00102978,80.31067095
"AS17",13.146,3.384473215,20.074,2.669,31911.40397,0.08914411765,0.00158571,0.33777073,0.00020979,0.00067171,0.00082262,0.00599185,0.02624327,0.02042568,0.01745366,0.00059141,0.00019256,6.248e-05,0.24223211,0.00725588,0.0239698,0.00252701,0.00103651,0.01383663,0.00692387,2.67e-06,0.00443177,0.00362722,1.794e-05,3.139e-05,0.00207288,72.92384391
"SH29",13.37,4.47288,8.31,3.5839,17245.4098538533,0.110707217580952,0.00173526482,0.3813786236,0.00057454008,0.006670297987,0.000831205523,0.02262956616,0.03650268346,0.02454175714,0.03118822644,0.000963250076,0.000219076809,8.387635e-05,0.375576914,0.005589630606,0.07737202978,0.003128808894,0.001345197741,0.006822298104,0.003252184845,2.676484e-06,0.005745225343,0.01034841974,3.1622584e-05,3.1074975e-05,0.003449404876,66.5957
"SH36",13.41,7.34475,6.43,7.7114,24671.4,0.153386,0.001238280054,0.1225221911,0.000281500908,0.007088873255,0.00254622546,0.02994371701,0.1060919873,0.02060688186,0.033726389,0.000892842687,0.000201883302,0.000233912585,0.3321290111,0.009598113597,0.07238897586,0.002511474894,0.001246872432,0.03265979137,0.01112947006,3.238309e-06,0.01129031131,0.01285786846,7.731622e-06,3.5600704e-05,0.003600030329,70.1428410658617
"HE25",13.984,10.56797625,24.682,2.289,29516.05175,0.1647416058,0.00256711,0.0900298,0.00033423,0.00049248,0.00017708,0.00773471,0.01230116,0.00787758,0.00691131,0.00028121,0.00082765,1.565e-05,0.11882711,0.00687905,0.00790521,0.00088364,0.00011138,0.00549719,0.00264964,1.08e-06,0.00248112,0.00349017,8.44e-06,1.626e-05,0.00097113,74.44759538
"SA14",14.06,4.40158,7.08,3.2847,30465.2,0.0982636,0.002847308082,0.03802224457,0.000261860623,0.000761207434,0.000269444803,0.003310144729,0.008291357729,0.02882821671,0.000973430768,0.000955469474,0.000171666906,6.599656e-05,0.02631899861,0.002322382318,0.000869154275,9.6125103e-05,0.001334331976,0.4241072457,0.00322591549,8.46068e-07,0.00094260669,0.002067121713,2.237851e-06,1.0116381e-05,0.000118002275,71.6204
"AS04",14.101,4.144150411,14.543,2.775,7717.51032599999,0.1162204836,0.00081471,0.10275335,0.00047121,0.00017335,0.00072267,0.01834516,0.0310582,0.07392825,0.00943028,0.00481329,0.00130523,1.754e-05,0.06065454,0.00159865,0.00572664,0.00049903,0.00101307,0.00644241,0.00866536,1.23e-06,0.00108811,0.00356398,5.3e-06,2.97e-05,0.00040094,68.75651617
"AS10",14.106,5.22873559908772,12.998,1.944,23581.35434,0.1422723147,0.00366136,0.28772873,0.00049283,2.775e-05,0.00027135,0.03108821,0.00956287,0.0128261,0.00069605,0.00431811,0.0010507,1.097e-05,0.01281508,0.0051927,0.00240788,0.00018277,0.00013915,0.00500617,0.00352603,1.19e-06,0.00088646,0.00034844,1.378e-05,2.414e-05,9.515e-05,70.9232630886147
"SH39",14.3,5.07715,6.46,3.2732,13297.7,0.102323,0.00183192732,0.2583158667,0.000218691232,0.01314936754,0.002077910358,0.03938571993,0.07004018823,0.01255785624,0.01746710996,0.000913969805,0.000345855562,6.0398691e-05,0.197430727,0.006151731122,0.1614046463,0.001485459761,0.00127637687,0.0197492621,0.007914297879,2.061795e-06,0.004718665141,0.006555030796,3.7643039e-05,9.676988e-06,0.001621930467,68.5569
"SA57",14.39,5.43629,7.62,4.048,17406.8,0.12139,0.000288609918,0.0319228216,0.000455121596,0.006358547447,0.000294548899,0.03836017283,0.02077579729,0.005132035132,0.0155134257,0.001044490295,9.73069e-05,2.871433e-05,0.1359414142,0.009435631283,0.0763958927,0.001100365691,0.00145865131,0.007397688653,0.003526473127,9.24895e-07,0.003307824901,0.005429659182,2.446351e-06,1.1058921e-05,0.002571023088,68.228
"AS37",14.404,5.352492992,11.908,3.667,36521.5728,0.09988092345,0.00180657,0.2529788,0.00058834,0.0010443,0.00085614,0.01638671,0.03372347,0.0322001,0.02586619,0.00025941,0.00043201,0.00012329,0.32691138,0.00668745,0.02714363,0.0031076,0.00262603,0.00437071,0.00886083,4.49e-06,0.00644397,0.01413061,5.698e-05,5.06e-05,0.00307522,75.75297409
"SH32",14.43,4.40979,5,4.1003,12129.089943478,0.093499351960599,0.002654931144,0.1246569889,0.000256822789,0.003816860106,0.000306861617,0.01303265915,0.03438078261,0.01473509597,0.01450791106,0.001088152024,0.000525652502,2.9914645e-05,0.1020696969,0.002644883055,0.04086504635,0.000942346228,0.001519625776,0.02174448799,0.007420354037,9.63558e-07,0.002424714954,0.01241151745,8.76948e-06,1.1521205e-05,0.002402664909,66.5179
"HE35",14.485,6.240967837,23.49,3.4,12011.96084,0.1279708738,0.00247115,0.26251892,0.00048969,0.00057224,0.00467091,0.03706561,0.07272121,0.03563834,0.01786946,0.00022938,0.00052789,0.00010687,0.19873205,0.03747604,0.08918886,0.00231085,0.0011248,0.05716516,0.01145325,4.7e-06,0.00614626,0.01348916,1.873e-05,4.535e-05,0.00316322,74.00467663
"SA49",14.67,4.48659,5.83,3.1239,6632.26,0.110149913731098,0.003271920358,0.1359640324,0.00014312904,0.0131803125,0.000255924302,0.007295309026,0.01648136913,0.0044590644,0.005214970927,0.000907524865,0.000808742206,2.4948981e-05,0.05702900515,0.002205847239,0.03567994697,0.000308392777,0.001267376384,0.01623659274,0.00306404192,8.03613e-07,0.002394872504,0.001963395384,8.329745e-06,9.60875e-06,0.000799662458,72.5021
"HE33",14.886,7.374659944,18.732,3.49,7934.82167899999,0.1373157076,0.00290369,0.27445985,0.00112547,0.00052238,0.00052561,0.01143429,0.03703411,0.01310959,0.0161128,0.00012457,0.00042001,5.235e-05,0.19445182,0.00978231,0.03556943,0.00200069,0.00059495,0.01031266,0.00498609,2.1e-06,0.0049303,0.00520786,1.772e-05,2.307e-05,0.00160057,66.99079583
"SA02",15,5.91673,11.9,4.4339,21927.3,0.128373,0.0056508586,0.3364099641,0.00035847985,0.009796608296,0.000898475629,0.01717199761,0.04540474477,0.03540276344,0.03887804673,0.001131271019,0.000409812729,0.000110041863,0.4694684728,0.01498030776,0.120334447,0.003626944162,0.001579842303,0.02195692977,0.009220438979,4.097414e-06,0.008696228699,0.01253727704,2.5651784e-05,5.961082e-05,0.004279231084,74.0607
"SH34",15.1,4.42341,0.14,3.3918,19725.4,0.0300345,0.002521216443,0.1045667854,0.000563449599,0.004040183295,0.000275867567,0.003389048756,0.008488999093,0.004806543332,0.01430858055,0.000792285828741694,0.000242225463,2.6893166e-05,0.1293105305,0.00237774102,0.02483132778,0.000905799681,0.00136613849,0.006928501103,0.003302811742,8.66235e-07,0.004846339237,0.004572031122,4.606502e-06,1.0357525e-05,0.001718363529,66.6235
"SH06",15.3,5.75844,9.4,3.9736,15747.6,0.118106,0.006098719227,0.2272654874,0.000328611113,0.01110314243,0.000304013546,0.01872934272,0.02784361263,0.0329923987,0.02408702161,0.004622401726,0.000411498411,8.664313e-05,0.3741949996,0.02237562526,0.08543442061,0.003046939931,0.001505521694,0.007635396256,0.008441085168,3.326853e-06,0.006081067653,0.009822946958,3.6458425e-05,6.0917531e-05,0.004536985033,71.7132
"SA54",15.31,5.09971,6.45,3.3023,13729.3,0.0988003,0.002544582954,0.2173445745,0.000527528592,0.004158472196,0.000262173032,0.0235529627,0.08914094896,0.01669085564,0.0236737588,0.000929683283,0.000164370398,5.6682384e-05,0.2248847955,0.004839541241,0.06983843643,0.001876263616,0.001298321052,0.0911441923,0.007503264578,3.311315e-06,0.004611069571,0.007682186566,1.3379721e-05,2.2467191e-05,0.003346646258,67.2929
"SA40",15.33,3.14364,5.91820981952445,15.4587,11846.663565457,0.100787,0.00133178799,0.2533379516,0.000165102008,0.05179542488,0.000276354906,0.06811921957,0.05076307691,0.02245675245,0.01906982849,0.000979973168,0.000268288422,8.4778869e-05,0.1880938443,0.002381941465,0.466505796,0.001654344851,0.001368551869,0.0185210725,0.006933963206,3.956129e-06,0.006064427361,0.009794203087,4.3995446e-05,2.3567885e-05,0.002279892267,66.6235
"AS01",15.441,3.728081506,16.738,2.205,31074.28461,0.1215326992,0.00290937,0.1698265,0.00077126,0.00027225,0.00050466,0.00100738,0.00287936,0.00734168,0.00624996,0.00021305,0.00011426,3.177e-05,0.0615918,0.00261802,0.00678223,0.00064115,3.583e-05,0.00091388,0.00145132,1.37e-06,0.00148652,0.00114908,1.141e-05,1.89e-06,0.00086424,73.4374629263077
"SH44",15.61,7.45483,5.36,8.96,15979.6,0.148541,0.009219095932,0.3326307802,0.000299928915,0.01469743532,0.001458035387,0.06697424068,0.1292912717,0.03268494181,0.03717989861,0.000851379404,0.000423837873,0.000102391763,0.351084252,0.007505288725,0.1807292063,0.002712880953,0.003376802827,0.2663377067,0.01844226018,4.724451e-06,0.008217164049,0.01660116991,1.7629744e-05,5.0517109e-05,0.003789493397,67.8435
"SA45",15.66,5.31984,6.16,9.9162,16923.9,0.108711084578741,0.001572475109,0.2094844428,0.000251178607,0.001690053112,0.000253769768,0.01635597701,0.03179465139,0.0110240294,0.01396448691,0.00289284995,0.000399422062,7.174445e-05,0.1240988735,0.006223191381,0.02617232719,0.001498488823,0.001256706801,0.02211830017,0.003038246859,7.96847e-07,0.004189105926,0.009076539063,7.17098e-06,5.4131728e-05,0.001335264543,66.9956989290236
"AS13",15.85,5.710226506,26.15,2.396,36614.66106,0.0874911147,0.00249499,0.16781517,0.00044676,0.00105591,0.00119056,0.02351163,0.07825462,0.0455113,0.02359788,0.00031803,0.00038465,0.00014386,0.28428526,0.0104487,0.02255546,0.00317702,0.00158073,0.01440493,0.01420951,7.05e-06,0.00843876,0.00657462,4.465e-05,4.137e-05,0.00394476,72.67587769
"AS02",15.947,4.806946186,19.917,2.06,35666.2354,0.1262201835,0.00176466,0.0884683,0.00042342,0.00067079,0.00075237,0.00622903,0.01567917,0.01288851,0.01042528,0.00058197,0.00019274,4.299e-05,0.11793828,0.00596829,0.00932714,0.0011936,0.00055143,0.00605945,0.00317792,2.31e-06,0.00310783,0.00197733,3.307e-05,1.274e-05,0.00123122,75.60544548
"SH51",16,2.01191,7.42,7.4415,11840.1,0.0962689,0.002128872718,0.1450689309,0.000208878108,0.001439371336,0.000262400494,0.02426050245,0.0524442522,0.004571901504,0.01237074385,0.000930489879,0.000308207572,6.3021656e-05,0.09098516074,0.0106840536,0.02215998788,0.000857657113,0.00129944748,0.1433473507,0.00314157783,2.096571e-06,0.003887493406,0.002013079315,0.000182053087,9.8519e-06,0.001105059891,71.2132
"SA38",16.11,6.40861,5.86,2.9973,27739.8,0.132344,0.002553917715,0.5483070742,0.000346485008,0.006441415636,0.004367957691,0.03232567272,0.06623228705,0.03227400327,0.04652070249,0.000863744404,0.000311552156,9.8100713e-05,0.5139695223,0.01224856412,0.1009578077,0.003895082004,0.001206236106,0.01299475019,0.01170395736,7.145332e-06,0.007274465686,0.0110606373,0.000111577321,5.3190684e-05,0.003880330347,70.1665
"SH26",16.11,4.99141,9.23,2.6756,23991.9,0.0960254,0.002865435169,0.08063100907,0.000207442619,0.003454857138,0.000200178359,0.01180223873,0.04720237273,0.0273456364,0.004367884594,0.001788871788,0.000175668017,0.001934027208,0.06792496428,0.00172536518,0.02516996715,0.000823008451,0.003190865173,0.4013783617,0.02658944266,6.28568e-07,0.00144896892,0.001535724674,1.4419504e-05,4.0979251e-05,0.000639679904,69.4597
"HE34",16.173,1.637758482,11.297,8.406,23856.62396,0.08165988909,0.00342315,0.35427115,0.00038313,0.00056745,0.000371,0.00040909,0.02365507,0.00584046,0.00696927,0.00079488,0.00030914,2.45e-05,0.05344983,0.00411602,0.00951669,0.00042749,0.00210598,0.01080921,0.01159879,5e-07,0.00283695,0.00208594,1.102e-05,8.97e-06,0.00043582,75.27728198
"AS09",16.413,10.20430461,38.453,1.906,22444.11575,0.1478748387,0.00265482,0.20805218,0.00021026,0.00079103,0.00052005,0.01639942,0.03154752,0.02787415,0.01425056,0.00015,0.00049587,7.262e-05,0.18470883,0.00556497,0.01438586,0.00207659,0.0005925,0.03179005,0.00550167,3.08e-06,0.00514104,0.00640318,1.265e-05,3.052e-05,0.00222407,73.2538518002105
"AS07",16.534,7.439264848,20.385,1.599,10930.82238,0.1339634641,0.00470401,0.38206391,0.0010081,0.00037499,0.00033717,0.01501583,0.0203539,0.01433853,0.01155127,0.00022073,0.00030459,6.965e-05,0.12265378,0.00214713,0.0097779,0.00117808,0.00027333,0.00569344,0.00363205,1.76e-06,0.00348633,0.0042973,7.78e-06,1.213e-05,0.00287109,65.2418507
"SA48",16.68,5.25291,6.42,14.4895,11435.2,0.105667282193881,0.005078107144,0.2029371782,0.000388692198,0.006071826918,0.001076012231,0.04824178511,0.03839155577,0.02018342385,0.0288535407,0.002403646926,0.000489748664,9.1625911e-05,0.4366263011,0.006974753664,0.07409326723,0.003364877657,0.002726964836,0.0383864348,0.01237699095,4.045165e-06,0.003824569631,0.01118539064,2.8696284e-05,3.6485072e-05,0.007549118471,67.3733492329793
"SH50",16.68,6.3604,5.95,7.618,24243.5,0.133137,0.006355757227,0.08318722396,0.000778307186,0.003880751856,0.000250788697,0.003080953415,0.007717271903,0.004369584847,0.001525034264,0.000889313664,0.000259257267,2.4448332e-05,0.04108637733,0.002161582746,0.004722298564,8.9469491e-05,0.001241944082,0.006298637366,0.003002556129,7.87487e-07,0.004543796074,0.001923996146,2.082904e-06,9.415932e-06,0.000280494342,67.4832
"SH03",16.87,6.74686,8.22,7.727,33052.6,0.114746,0.002519441614,0.3393494319,0.0005042196,0.01667846088,0.002264019155,0.09311148562,0.1412321385,0.05553986303,0.112908265,0.000814213965,0.000379722706,0.000378577579,0.9685905806,0.02122320636,0.2063331251,0.007908240145,0.0033444042,0.01908316088,0.03665291272,1.2304865e-05,0.01209017841,0.02592321067,4.3321321e-05,0.000111239544,0.007802874276,75.3619
"SH45",17.09,5.39218,5.03,11.2315,13331.9,0.107011,0.00299257993,0.1592441728,0.000427246647,0.01290175395,0.000477797659,0.1383489319,0.09204136173,0.05185804272,0.03037517116,0.000833363009,0.000708500699,0.000242219756,0.294263489,0.01049322869,0.1744878906,0.003103916381,0.002344854437,0.1165606804,0.02175475668,7.570477e-06,0.007575612325,0.01971431183,1.4274792e-05,5.6624471e-05,0.00267630828,72.0492
"AS42",17.198,5.876290211,13.18,1.532,17491.40293,0.09674110953,0.00306583,0.33251264,0.00014834,0.0004324,0.00043748,0.02319452,0.03169295,0.03828944,0.0200185,0.00024296,0.00167644,7.328e-05,0.18542362,0.00442551,0.01789046,0.00165861,0.0006027,0.00409345,0.01066561,3.56e-06,0.00321867,0.01463628,1.978e-05,4.109e-05,0.00222071,69.53439681
"SA24",17.31,3.96096,3.89,3.9924,31195.7,0.0977543176152761,0.001534199937,0.03177892209,0.000179275431,0.002878947335,0.000316148284,0.003883899653,0.009728517648,0.005508369257,0.005939050578,0.001121083173,0.000382867585,3.0819963e-05,0.09913223518,0.002724926134,0.01381400764,0.000660379561,0.001565614776,0.00794016403,0.003785070769,9.92718e-07,0.001077519136,0.002425420627,2.625743e-06,1.1869876e-05,0.000407700456,66.7286
"SA11",17.38,5.37826,9.59,10.7087,19928.5,0.116266,0.003038838442,0.1209151179,0.000679586169,0.002416330978,0.000858691436,0.02588756995,0.05128298396,0.05786723705,0.02807177675,0.001048370122,0.000246398677,0.000160601005,0.257272066,0.009632748043,0.03340236588,0.002716024873,0.001464069565,0.6006433505,0.00787418105,3.263034e-06,0.004938687014,0.007330871641,2.7330099e-05,7.5226342e-05,0.002219492967,66.2349
"HE32",17.44,6.720587919,24.466,3.83,45631.6941900013,0.108487909,0.0024908,0.15456119,0.00099125,0.00121131,0.00171367,0.01465397,0.03825407,0.05150225,0.03349412,0.0003075,0.00021904,0.00025205,0.38587088,0.00941688,0.0207248,0.00383206,0.00257196,0.01206047,0.00851591,3.88e-06,0.00830744,0.00587329,8.177e-05,3.215e-05,0.00379127,72.7797070243056
"AS18",19.054,10.57271978,16.969,1.382,40634.41204,0.177166443,0.00315402,0.73955245,0.00082269,0.00095913,0.00113124,0.08490667,0.05302543,0.03466259,0.05425888,0.00179353,0.00047475,0.00019505,0.49115426,0.01064548,0.02322909,0.0045064,0.00186402,0.00285796,0.01012881,9.09e-06,0.00613065,0.01325935,8.947e-05,6.273e-05,0.00462142,72.00317162
"HE41",19.665,2.352261552,11.749,2.296,16364.47515,0.08252062589,0.00190201,0.50458164,9.069e-05,0.00017899,0.00072309,0.00633307,0.02352889,0.00933642,0.00723277,0.0007057,0.00037246,2.93e-06,0.07275693,0.00383893,0.01829074,0.00069045,0.00124157,0.00789548,0.00571682,4.41e-06,0.00220011,0.00174824,3.438e-05,2.005e-05,0.00062795,71.13010967
"HE21",19.751,5.092510031,20.839,3.42,22993.23948,0.1083113343,0.01125195,0.68144378,0.00070706,0.00070575,0.00447531,0.05527615,0.05766347,0.06481685,0.02906202,0.00065514,0.00059884,0.00013022,0.29988758,0.03676106,0.07486135,0.00326159,0.00115939,0.02229795,0.01364576,6.86e-06,0.00645183,0.01527142,8.853e-05,4.631e-05,0.0034829,80.97863813
"AS19",20.564,4.358593401,24.42,2.657,26637.00682,0.08162123613,0.00295488,0.14922805,0.00056708,0.00136859,0.00122159,0.01250657,0.02570851,0.04130778,0.022562,0.00329786,0.00032125,9.337e-05,0.27720022,0.00806808,0.03143327,0.00309465,0.00604969,0.01491816,0.00383813,3.64e-06,0.01486583,0.01000007,2.727e-05,7.271e-05,0.00349143,70.74524679
"SA33",20.69,6.77022,9.69780446153315,3.3135,30196.3,0.126787,0.004222380679,0.06029646095,0.000465910467,0.002594943504,0.000536098794,0.003146584335,0.007881666357,0.01637819766,0.01495671722,0.000908257954,0.000272432624,5.1281461e-05,0.1514510263,0.002207629097,0.02963279721,0.001140825558,0.001268400157,0.00643281186,0.003066517019,8.04262e-07,0.004233307832,0.001964981393,2.0442587e-05,9.616511e-06,0.001361787048,69.8468
"SH02",21,7.32655,9.35,6.9918,20470.1,0.140253,0.003125311155,0.2176896964,0.0005906223,0.006325517826,0.000761618319,0.009701532594,0.03606021687,0.01958803657,0.02961285337,0.000912906567,0.000295130483,5.6168443e-05,0.3405770189,0.007311785043,0.077725037,0.003181736981,0.001274892037,0.006465736048,0.003082211957,6.690575e-06,0.006121623855,0.0135846337,2.6404306e-05,3.8111556e-05,0.005096915979,76.1015
"SH53",21.01,6.90698,6.88,3.1276,7460.94999999999,0.111686,0.007275492215,0.175230664,0.000443521249,0.01629608811,0.000249732585,0.01528247975,0.02452110239,0.00435118381,0.00891261674,0.000885568619,0.000280850315,2.4345376e-05,0.07981890634,0.002152479967,0.03876782021,0.000567981955,0.001236714052,0.006272112773,0.002989911874,7.8417e-07,0.003563950758,0.001915893883,1.9205742e-05,9.37628e-06,0.000887823708,70.253
"SH16",21.6,6.99676,0.12,2.9253,17086.1,0.13814,0.000968354732,0.3060308849,0.000274293697,0.00709693479,0.000232409946,0.01721196813,0.02265611087,0.01171350029,0.01000074488,0.000824141369,0.000616399977,2.2656665e-05,0.1411602431,0.01123310989,0.0327527455,0.001114842601,0.001150929686,0.03874423006,0.01021744499,3.846143e-06,0.003796538224,0.004751577549,6.317565e-06,8.725897e-06,0.001134518571,71.5301
"SH17",21.63,9.56769,0.13,3.1948,20824.3,0.167605,0.003510578236,0.3114748294,0.000691226543,0.006707783881,0.00072230362,0.06437049778,0.09606577021,0.06551260711,0.0816016054,0.000818689034,0.000599376208,0.000256449957,0.7726768924,0.01537416826,0.105536374,0.006048162622,0.001143315393,0.05006177242,0.02588420392,9.951045e-06,0.01331350974,0.03285705379,2.7498654e-05,8.756896e-05,0.006923083596,68.4809119426669
"SA06",22.37,6.36535,8.32,3.5029,20242.7,0.117955,0.006134657248,0.3030675459,0.000461376272,0.02087509386,0.003261621843,0.07233036885,0.1151667255,0.05307891261,0.05299345419,0.000990593567,0.000356525206,0.000213338363,0.5623510856,0.01885467904,0.2609840923,0.00488752946,0.001383383465,0.03973883151,0.0154924605,9.312066e-06,0.009319410184,0.02576581885,6.4236534e-05,6.7127504e-05,0.01133233812,70.9563645565623
"HE11",22.755,3.093617209,37.376,3.463,46529.05309,0.1033922581,0.00509411,0.69479818,0.00031639,0.00133717,0.00783313,0.03070806,0.08195981,0.03705389,0.03327636,0.00046811,0.00028309,0.00014826,0.35326093,0.10312508,0.19966492,0.00326278,0.00170527,0.02795797,0.00985322,6.98e-06,0.00779732,0.01156381,5.592e-05,7.087e-05,0.00503675,76.059611381594
"SH24",22.94,7.31046,11.48,13.2056,23204.8,0.11757,0.002913235662,0.01146801428,0.000233560874,0.000811062285,0.000261252067,0.003209496505,0.008039250797,0.00455189203,0.000251232397,0.000926417479,0.000440241218,9.7012457e-05,0.004505984112,0.002251767986,0.00084272678,9.3202324e-05,0.001293760292,0.006561428197,0.003127828339,8.20342e-07,0.0004186315,0.002004268833,2.169807e-06,9.808782e-06,5.2179177e-05,68.6041
"SH20",23.09,9.73825627714636,0.12,6.1087,26129,0.123109,0.006961923674,0.2884349948,0.000653992843,0.001861025344,0.000540460047,0.02782010877,0.04989106967,0.02760876031,0.03718725404,0.000860464245,0.000608378708,0.000115222072,0.4136206981,0.007124321707,0.02464901275,0.003174830963,0.001201655299,0.01783829376,0.007000675744,4.40928e-06,0.005125142176,0.01682668182,1.8563515e-05,3.3821678e-05,0.004136876305,67.3374
"SH10",23.71,6.3252,9.53,3.1117,32520.1,0.110834,0.008595694077,0.4918843737,0.000493108715,0.01288514857,0.001625978701,0.0513390702,0.0790498785,0.04365341543,0.07069380581,0.000883720035,0.000534704702,0.000251183291,0.6629339319,0.01602336901,0.1320328776,0.005473946108,0.004001116855,0.01613100538,0.01872253028,9.326323e-06,0.009488701233,0.02282602447,4.4385857e-05,6.4235605e-05,0.006514017923,72.8878
"SH57",24.03,10.8716,7.5,8.3728,17274,0.185299,0.008228165511,0.3301318479,0.000726054391,0.01166724072,0.000327059487,0.04275828824,0.02883961023,0.01610032708,0.02102452805,0.001159775036,0.000371610509,6.7239307e-05,0.2054117445,0.006373643747,0.1065328544,0.001877373937,0.001619648726,0.02201279448,0.003915704643,2.169677e-06,0.006824608827,0.006636534,1.1218924e-05,3.0894909e-05,0.002969652485,72.0776
"SA03",24.36,10.6462,14.61,4.0326,24136.2,0.186479,0.006085922879,0.1083651487,0.000390964646,0.004827379313,0.000290810394,0.0118274716,0.008948819877,0.005066897762,0.01223402126,0.001031233303,0.000445915389,2.8349879e-05,0.1403236675,0.002506535326,0.02542706767,0.000991867968,0.001440137659,0.007303794912,0.003481714045,3.65057e-06,0.004962197428,0.002231033864,1.1681108e-05,1.0918558e-05,0.000972056504,73.7737
"SH07",24.6,9.91976,11.9,10.8643,14922.3,0.164464,0.006889672264,0.3632452952,0.000569116837,0.01714497598,0.002107093637,0.04988433306,0.0935372917,0.04852944214,0.06445312293,0.003065685697,0.000681590137,0.000246188526,0.7273127427,0.03486525201,0.2148758847,0.005868600944,0.002997246795,0.05427343315,0.02077891131,8.665776e-06,0.009318251946,0.02192034466,3.5156686e-05,7.2438023e-05,0.006909219476,73.1966
"SA43",24.73,5.11849,5.79233913799656,3.2099,16480.5050772875,0.0941917305992861,0.001638198206,0.08795570355,0.000260765667,0.004100874399,0.000254953475,0.0153152759,0.007845430487,0.004442149326,0.009804349085,0.000904082248,0.000408371894,2.4854339e-05,0.0970560176,0.002197479548,0.02555140659,0.000818612895,0.001262568702,0.006403237082,0.003052418742,8.00564e-07,0.006462190066,0.009669785161,1.0222849e-05,9.5723e-06,0.00119712809,70.1072
"HE06",24.763,12.39327161,17.892,3.353,35055.14684,0.1480313779,0.01142449,0.40013336,0.00060319,0.00129821,0.00103856,0.03289558,0.04278258,0.04180358,0.03672472,0.00103793,0.00059777,0.00010366,0.40884335,0.00712085,0.02017887,0.00351143,0.00166175,0.02284158,0.00927767,4.32e-06,0.00611837,0.00944383,3.348e-05,4.198e-05,0.00326277,73.17164322
"HE30",24.8,8.585092655,19.304,3.546,48334.06407,0.1493873745,0.00341492,0.29670147,0.00331537,0.00110914,0.00761466,0.00501768,0.02725621,0.03913492,0.0212784,0.0004262,0.00027454,0.00010427,0.3667581,0.055572,0.03162933,0.00337813,0.00096458,0.00580588,0.00291178,3.64e-06,0.00845969,0.00463776,7.474e-05,4.315e-05,0.00456257,67.95341187
"SH14",24.85,5.15577,9.81,3.0067,12362.1,0.108037,0.004788841607,0.6159769217,0.000444112346,0.01825001846,0.000802665146,0.06874674919,0.0686188175,0.04353269254,0.03353717537,0.000818689034,0.000903583479,0.000176500765,0.3452875423,0.006477756316,0.146403916,0.002860692326,0.001143315393,0.02763460894,0.01947385578,6.411364e-06,0.006652423559,0.01750302627,2.9794785e-05,3.7761782e-05,0.003494072317,73.4146
"HE19",24.995,4.391602882,27.225,3.734,43228.89859,0.09674484945,0.00738767,0.60293619,0.0007899,0.00259567,0.0166643,0.03935248,0.0326545,0.0368362,0.02340549,0.00053297,0.00031842,0.0001589,0.23580439,0.17036406,0.32550747,0.00229994,0.00116068,0.02642404,0.01251537,4.97e-06,0.0045129,0.01046926,8.25e-05,4.626e-05,0.00285013,81.93958102
"HE16",25.027,10.51811195,26.778,2.695,20566.80351,0.1774962179,0.00847324,0.71396589,0.00085889,0.0010791,0.00089726,0.03034924,0.18178067,0.04356948,0.03799945,0.00097093,0.00039581,0.00020108,0.54260739,0.0351181,0.02572796,0.00551248,0.00188745,0.02901805,0.01427546,5.73e-06,0.01089749,0.0130443,2.977e-05,6.085e-05,0.00449463,74.34964727
"AS34",25.063,15.89407102,10.951,2.202,23203.16096,0.1931109643,0.00451848,0.19980724,0.00046353,0.00076782,0.0008298,0.01930675,0.14382402,0.01824251,0.01311247,0.00355192,0.00036069,8.567e-05,0.20121971,0.0060927,0.01438776,0.00193862,0.00079252,0.00500617,0.00447911,3.31e-06,0.00531908,0.0089472,4.25e-05,5.076e-05,0.00220547,69.2380902
"SH11",25.11,9.20241,10.64,3.1522,26067.6,0.160937,0.009237054041,0.6096719036,0.000375605514,0.01738923972,0.001429735187,0.06821098024,0.08344477201,0.05848410312,0.06819490397,0.000904438046,0.000586771287,0.000450161334,0.6171598666,0.01314904012,0.2214674796,0.005231268416,0.00126306558,0.06794741031,0.0196984188,9.157711e-06,0.01105333883,0.03004072551,5.2976638e-05,6.8071076e-05,0.007741832819,76.6914
"SH41",25.16,8.5293,6.06,2.6426,14754,0.129682,0.004288923954,0.4204867541,0.000291107378,0.01689630094,0.000867303683,0.1315156927,0.06151133394,0.06996703349,0.02299771592,0.000722778368,0.001151134575,0.000178830684,0.5092270935,0.01577226853,0.2288560933,0.005618490717,0.002118554725,0.06223654008,0.01609782128,1.18486e-05,0.008369347529,0.02718106172,3.4150533e-05,9.7211358e-05,0.006004785334,68.7997
"HE29",25.233,10.93713903,17.391,1.996,23392.1674622348,0.1769175573,0.00347541,0.56411078,0.00118294,0.00128877,0.00188904,0.19048556,0.12683219,0.06952128,0.04919,0.00095752,0.00112521,0.00035978,0.57144429,0.01352669,0.03746132,0.00595524,0.00238922,0.114389,0.03944097,1.238e-05,0.01130751,0.02535326,3.754e-05,8.987e-05,0.00471772,66.60163584
"HE09",25.45,7.570990893,21.163,3.117,37102.612,0.1467647768,0.00591212,0.60684226,0.00093078,0.00142008,0.00279324,0.02429362,0.0713961,0.05169568,0.03836126,0.00051662,0.0006787,0.00024363,0.64014807,0.02595708,0.06841937,0.00599001,0.00183062,0.02210802,0.01237921,7.71e-06,0.0099201,0.01431301,6.022e-05,0.00010269,0.00663517,73.25995653
"HE10",25.975,13.16837575,27.172,5.575,29507.61569,0.1825896488,0.00650898,0.29762195,0.00054464,0.00085485,0.00996696,0.05005622,0.04355974,0.05666955,0.0282415,0.0009562,0.00090146,0.00015432,0.38227358,0.09183009,0.19370257,0.00337429,0.0016093,0.13165854,0.01535472,6.92e-06,0.00639402,0.01327523,4.583e-05,3.498e-05,0.00537969,75.61502371
"HE12",27.107,8.250220572,15.662,4.625,21332.63671,0.1264290999,0.00885015,0.41022886,0.00107466,0.00148977,0.00152368,0.09206854,0.10105838,0.08408975,0.09085911,0.004339,0.00085212,0.00023223,0.77104396,0.02517107,0.04791708,0.00704099,0.00412274,0.00595284,0.02064578,1.289e-05,0.01396897,0.025255,0.00011433,0.0001213,0.00891753,74.69332181
"HE08",27.172,10.92054106,18.213,3.734,26795.53804,0.1432335484,0.00763432,1.10938866,0.00128061,0.00110245,0.00087322,0.03124543,0.04423887,0.06318202,0.03248764,0.00053507,0.00118495,0.00014352,0.38954835,0.01115091,0.02535103,0.0032941,0.0009211,0.05053476,0.00962526,6.81e-06,0.00968353,0.01212537,4.974e-05,4.182e-05,0.00347572,72.38280584
"HE31",27.515,12.94029639,21.686,2.177,14308.75837,0.1510277325,0.00642798,0.92700842,0.00186338,0.00113214,0.00157798,0.07753923,0.11952725,0.06020344,0.03883441,0.00056646,0.00084223,0.0003177,0.49447332,0.01224045,0.02575469,0.00526502,0.00228015,0.07127291,0.02055952,1.163e-05,0.012185,0.01967394,4.853e-05,0.0001143,0.00503212,70.73902167
"SA08",27.53,7.57355,7.79,3.1606,23221.5,0.139205,0.007192316455,0.325975133,0.00062966265,0.004113317359,0.000902910992,0.03980562012,0.07354974809,0.03844892808,0.04948470272,0.000894729673,0.000414037165,0.000207346728,0.4732744608,0.009123167735,0.05898149999,0.004105983453,0.001249507646,0.03084825843,0.01254145351,6.07869e-06,0.007433904689,0.02512408528,2.6100399e-05,4.9828521e-05,0.005349673364,68.3488
"SA15",28.45,3.10134,21.99,9.432,63538.4,0.0652586,0.002390752927,0.1925865307,0.000166113883,0.007981918538,0.001173692712,0.1687968853,0.2694365533,0.0557453067,0.02239156178,0.000868969887,0.00078938108,0.000165637623,0.1994098421,0.02338844884,0.09922290514,0.001977163924,0.001213533597,0.5062820221,0.01865353804,3.42161e-06,0.00809276498,0.02980287494,2.9607348e-05,2.8702127e-05,0.002230378212,64.7285
"HE20",28.521,7.49393060174722,22.898,3.046,23147.7940893672,0.129229076689266,0.00707403,1.60680672,0.00086642,0.00132294,0.00154577,0.042858,0.07045267,0.05665457,0.03693806,0.00148819,0.00067692,0.00017095,0.5418504,0.01510485,0.05804304,0.00565368,0.00259244,0.08046953,0.01261951,9.19e-06,0.01228581,0.0249746,5.753e-05,7.23e-05,0.00758443,70.5214513562
"HE15",29.592,9.556987088,32.926,6.297,31330.29431,0.1732877292,0.01661724,0.39800617,0.00075883,0.00169751,0.00559984,0.0755178,0.11060822,0.10693279,0.08367459,0.00082441,0.00122668,0.00046592,0.98143001,0.05266654,0.10483308,0.00973453,0.00329235,0.06828081,0.02918671,1.352e-05,0.01152486,0.02193536,5.676e-05,0.0001345,0.00813546,73.44181613
"HE27",29.799,8.299592926,15.887,2.357,11858.10824,0.1300174881,0.00652746,1.27681598,0.000504,0.00071766,0.00127434,0.10773439,0.11087703,0.04758454,0.02169519,0.00047882,0.00085384,0.00019647,0.38844651,0.02504066,0.03447912,0.00409578,0.00152051,0.05294956,0.02076038,1.119e-05,0.00896402,0.0212386,2.597e-05,7.061e-05,0.00380633,70.84091674
"HE03",30.073,7.133520556,36.326,3.4,36038.27642,0.1413482881,0.0010539,0.40643001,0.00032581,0.00140074,0.00103761,0.0212488,0.05964266,0.0344638,0.02954538,0.00053638,0.00037736,9.865e-05,0.38524039,0.01712604,0.04305855,0.0033991,0.00160308,0.09998852,0.01340707,3.88e-06,0.00903932,0.01936998,4.076e-05,4.576e-05,0.00400645,73.2017658102461
"SH55",30.63,9.50201,10,9.3581,8395.61,0.150228,0.007416629642,0.231759815,0.000551726654,0.007281669943,0.0002967453,0.0193639167,0.009131448855,0.005170303839,0.01407122514,0.001052278881,0.000309915132,2.8928448e-05,0.1432374872,0.002557689108,0.07395659353,0.001228948035,0.001469528223,0.007452851952,0.003552769434,9.31792e-07,0.004629286765,0.01147062818,1.3290518e-05,1.1141385e-05,0.004350828969,64.1914
"AS06",30.801,10.08972432,18.587,2.353,25935.68502,0.1308090041,0.01283493,0.80985754,0.00065988,0.00081322,0.00084154,0.16758822,0.03471545,0.03669598,0.02543488,0.00157693,0.00068243,0.00011938,0.29953245,0.00826679,0.02042162,0.0030233,0.00121422,0.0040141,0.00951709,5.34e-06,0.00631478,0.00881765,3.939e-05,3.45e-05,0.00308675,70.76460866
"AS12",32.534,7.900685092,17.416,4.286,24317.00333,0.1179551375,0.00647367,0.29502483,0.00055051,0.00036654,0.0012464,0.03745877,0.05102575,0.02697576,0.01417202,0.00627573,0.00121343,3.935e-05,0.13597329,0.02119208,0.00591877,0.00130899,0.00043914,0.00585164,0.01120616,1.42e-06,0.00560218,0.00713993,4.881e-05,4.072e-05,0.00121194,71.99256629
"SA60",33.29,11.0023,9.44,13.7992,17854.183029144,0.20285,0.006106383943,0.07363941733,0.000204557191,0.001935778461,0.000315735264,0.003878825681,0.009715808198,0.005501173059,0.003853177233,0.001119618577,0.000198977405,3.0779699e-05,0.02758087785,0.002721366258,0.01965061313,0.000112639341,0.001563569438,0.007929790906,0.003780125907,9.91421e-07,0.000505935623,0.002422252029,2.622312e-06,1.1854369e-05,0.000428316286,76.1616
"HE02",33.343,13.98843113,32.838,4.272,46954.47144,0.1699329032,0.00816868,0.25212079,0.00064235,0.0012207,0.01303176,0.04279391,0.06075032,0.05695962,0.03117336,0.00078543,0.00057085,0.00031563,0.39421746,0.13225384,0.25442041,0.0037049,0.0014476,0.01424454,0.01200659,5.84e-06,0.00876741,0.01042187,6.576e-05,7.174e-05,0.00374186,73.85348927
"HE07",37.092,10.08041945,26.389,3.653,68950.93903,0.2065706737,0.00590154,0.36035048,0.00132334,0.00104158,0.00167992,0.0196234,0.05176719,0.06454211,0.01510413,0.00040933,0.00039284,0.00012655,0.24615633,0.0130449,0.01736414,0.00280823,0.0005026,0.03567619,0.00771841,3.57e-06,0.01049707,0.00821736,6.973e-05,3.711e-05,0.00273904,73.1495422929901
"HE37",38.693,12.15429098,25.392,3.4,27767.85412,0.1332163892,0.01595376,1.54124804,0.0010371,0.00128313,0.00167321,0.02767491,0.37473159,0.06429694,0.03609632,0.00147706,0.00053892,0.00016417,0.45925697,0.09252786,0.03688749,0.00470173,0.00307303,0.03579552,0.01328616,8.12e-06,0.01449308,0.02660396,6.414e-05,6.921e-05,0.0052131,76.90493526
"HE01",38.72,6.867854877,20.279,5.672,64963.38281,0.1273237221,0.00109685,0.3648352,0.00034552,0.00061904,0.00116783,0.01553337,0.0256494,0.0194576,0.00492254,0.00037747,0.00024022,3.565e-05,0.09326804,0.00613663,0.00843713,0.00107343,0.00018551,0.0656749,0.00830743,2.97e-06,0.00988032,0.00468287,2.563e-05,2.189e-05,0.00082387,76.00906705
"SA32",65.49,4.35427,27.97,12.693,53154.3,0.0919408403224434,0.000780737459,0.05154065206,0.000253160191,0.001906392479,0.00079956203,0.05905976966,0.02981194019,0.0206324512,0.01707456441,0.0024310604,0.000678021186,7.0173637e-05,0.2994231736,0.002083940613,0.03205110186,0.003479907219,0.001197334554,0.02612681879,0.007998126863,6.36739e-06,0.007412349813,0.02288981434,2.1204997e-05,6.0860954e-05,0.002795296613,65.9486
"AS28",74.017,4.057246237,13.804,39.198,18659.44452,0.08221515562,0.00564099,2.78477021,0.00142347,0.00347986,0.00318772,0.2648783,0.22508039,0.08560333,0.12474336,0.0074281,0.00183009,0.00031008,1.35887241,0.02839741,0.11328546,0.01201658,0.00737701,0.02057403,0.02697873,1.734e-05,0.02610797,0.0551419,0.00024593,0.00016892,0.01711302,72.06592603
"HE42",85.513,5.014120165,15.665,3.4,17230.31928,0.1153188811,0.02328586,1.39661781,0.00118456,0.00155758,0.00297081,0.15304322,0.11201324,0.13258976,0.06156559,0.023089,0.00712369,0.00022556,0.59508918,0.02153894,0.09047964,0.00555569,0.00172618,0.01999448,0.03494427,9.82e-06,0.01272267,0.03223792,0.00012236,7.289e-05,0.01096566,69.57535359
"SH22",21.5039201458915,6.97853,9.06,3.0679,32385.4,0.119444,0.005663527727,0.2016644618,0.000688551398,0.01262062187,0.000863194065,0.02954922047,0.09171308752,0.0295184856,0.03451317793,0.000892842687,0.000443281647,0.000163913438,0.3641277807,0.008701625265,0.07626704052,0.002769125397,0.001246872432,0.006323631959,0.01225295574,5.302612e-06,0.005695854948,0.01298790413,5.3376896e-05,5.1207951e-05,0.003517943221,71.6024
"SA20",6.95,1.35057,7.1,3.7548,12678.9,0.0542494034157073,0.002047239035,0.3390898247,0.000616602792,0.001743381626,0.001412034592,0.06318031048,0.05021112649,0.04124747078,0.01421700038,0.001001758486,0.000243966453,0.002338609768,0.1992017504,0.006613888285,0.04500293678,0.001961675196,0.001398975495,0.02010342999,0.01945899814,5.89429e-06,0.005440484265,0.007823831563,5.5701626e-05,5.2113681e-05,0.002262395256,63.2657
"SH33",8.31,1.25131,5.64,3.0694,6823.1,0.05829842480248,0.003362254743,0.1188072261,0.000204918433,0.002829841278,0.00025717926,0.01582706658,0.00791392234,0.004480929994,0.007253792552,0.00091197503,0.000175294538,2.5071321e-05,0.06813366789,0.002216663894,0.0285833454,0.000589345491,0.001273591127,0.006459138358,0.003079066842,8.07553e-07,0.002737309425,0.001973023145,6.473113e-06,9.655867e-06,0.001077866118,66.179945588388
"SH27",8.53,1.29302,5.83,3.0849,4346.96,0.0805398,0.002739508355,0.1472570576,0.000147421793,0.008952874072,0.000266986943,0.02181811641,0.008215724464,0.0432792059,0.004971638992,0.000946753739,0.000214076882,2.6027431e-05,0.05446370014,0.002301197686,0.07490196747,0.000563254951,0.00132216028,0.5719518238,0.003196488883,6.047846e-06,0.001817869139,0.002048265553,1.7634426e-05,1.00241e-05,0.000561549937,62.0002
"SA17",8.77,1.72752,8.02,3.4644,8799.46000000001,0.073825429645831,0.000801940791,0.1576265809,0.000136110706,0.01059166729,0.00026824989,0.02685019572,0.01899244692,0.0150030444,0.01469281514,0.000951232233,0.001063534674,0.000113937584,0.1345475128,0.0023120832,0.1196713157,0.001180168076,0.001328414586,0.08093179038,0.008578463204,8.42315e-07,0.00250483728,0.01396694232,1.5853318e-05,1.0071517e-05,0.00127061658,65.9411
"SH31",8.79,1.37846,4.5,3.281,8369.45,0.0708263055524774,0.002972786041,0.4967719235,0.000172153427,0.002237815396,0.000677692285,0.03191938626,0.05041988012,0.02411293785,0.1011538596,0.002069334292,0.000308604312,5.9677763e-05,0.2684049364,0.01188310775,0.1093663504,0.002395479625,0.001273591127,0.02323751124,0.008511568236,6.251271e-06,0.002396492287,0.01278934036,1.9228234e-05,2.7451428e-05,0.004079335191,66.8101
"SH38",9.3,2.00141,5.48,3.1183,12450.4,0.0822701,0.001519021341,0.06696098545,0.000302053233,0.004714034129,0.00026358586,0.01398946903,0.008111066313,0.004592554585,0.006594487467,0.002198706633,0.000132889564,2.5695874e-05,0.1165258752,0.002271883279,0.04965035484,0.000740333233,0.001305317596,0.03909162183,0.003155769575,8.2767e-07,0.002073499472,0.002022173188,2.18919e-06,9.896405e-06,0.000824019242,66.2263
"SH49",9.7,1.82778,5.59,3.0206,7874.21,0.0890886,0.002441737966,0.1524472235,0.000331345333,0.002118790316,0.00829300322,0.01429750044,0.06976770363,0.004179989693,0.006158973843,0.000850726575,0.000228989534,7.5848645e-05,0.07603966243,0.004702898028,0.0280713132,0.000723535601,0.00118805645,0.03208999672,0.002872275997,7.53318e-07,0.005189744054,0.001840514451,1.992527e-06,9.007377e-06,0.000660525573,63.8523
"SH13",12.47,1.94922,8.51,2.9131,5573.19,0.0704265,0.004050038568,0.2152182961,0.000166339803,0.01504926156,0.000247849767,0.05029583711,0.05760228976,0.02856030694,0.01401966889,0.00087889202,0.000276565368,0.000195583461,0.1460823669,0.002136251698,0.1454613881,0.001413902377,0.00122739005,0.02232788138,0.01135642372,4.334989e-06,0.004100165516,0.009741226115,2.3917785e-05,2.0892954e-05,0.001555468868,69.6418
"SA36",12.65,1.04507,0.13,3.1486,4493.39,0.0923029,0.00150120063,0.224719922,7.3515186e-05,0.0112480901,0.000620518083,0.0375273328,0.04240974915,0.02175281937,0.004555160075,0.000884984021,0.000211350853,2.4329305e-05,0.07066994481,0.005844826039,0.09516402577,0.0008066238,0.00123589765,0.02640057081,0.006889357534,7.83653e-07,0.002399018246,0.006921867032,1.2512583e-05,9.37009e-06,0.000572912957,65.3116587995242
"SH19",12.7,3.0756049835321,6.05,3.3036,13153.1,0.0691221,0.003231239127,0.5126098403,0.000492332166,0.001660312453,0.000813877008,0.09452960743,0.08948323249,0.06342008275,0.02773365947,0.000935712638,0.00028222031,0.000307800987,0.4050216755,0.01062776345,0.04321368966,0.004388296752,0.001306741165,0.0330882624,0.02287708509,7.27361e-06,0.0110319812,0.01603860139,3.2577115e-05,7.8358182e-05,0.003058343141,65.2569
"SH48",12.93,1.51987,5.78,7.2047,17308.3,0.0744021,0.001172115418,0.165095791,0.000239647388,0.007066243545,0.000249677608,0.01544778201,0.03430961855,0.004350225927,0.009580252067,0.000885373667,0.000156838342,2.4340017e-05,0.08072546231,0.002152006114,0.07538892597,0.000705346026,0.001236441798,0.08377020213,0.006604815827,7.83998e-07,0.002736437203,0.001915472112,2.073676e-06,9.374216e-06,0.01187449413,67.8362
"SA37",13.34,0.971729,6.6,4.8281,8345.65999999999,0.0908136,0.002584847867,0.09630851691,0.000353925146,0.0189151634,0.000356080385,0.02940948166,0.01095730859,0.02711185384,0.008525044139,0.001262685101,0.000160786231,3.4712775e-05,0.1257449277,0.003069106478,0.1385436946,0.001164936071,0.001763364662,0.008943071358,0.004263156007,1.118107e-06,0.003110483564,0.002731770989,2.0651456e-05,1.3369138e-05,0.001387645195,65.5432
"SH30",13.6,4.02894,9.75,3.6649,17620.7,0.106942985745957,0.001378249339,0.0828228588,0.000688779117,0.01432214117,0.000583865456,0.01504214966,0.01843039609,0.01364193769,0.01466064045,0.00101785761,0.000173494685,9.3719656e-05,0.1876738334,0.002474024112,0.0881946204,0.001919214127,0.00142145824,0.007209060464,0.003436554198,9.01312e-07,0.003643724464,0.005315853359,3.4594503e-05,1.0776938e-05,0.002045616248,64.4647
"SA47",14.1,2.4692,0.14,12.7913,12090.4,0.0811135726244249,0.003693795867,0.1088453399,0.000200012854,0.003910256632,0.000266547717,0.01503763246,0.01885246852,0.01074173526,0.005716172388,0.000945196212,0.000378325135,2.5984613e-05,0.1131141368,0.002297411932,0.04205092465,0.000942651768,0.001319985163,0.06162272528,0.00955218297,8.36971e-07,0.001482371565,0.002044895904,7.498819e-06,1.0007609e-05,0.001872210365,63.6063
"SA21",14.15,2.02629,7.45,10.738,11273,0.0745266678976692,0.005098147374,0.2084950658,0.000445252435,0.0254819902,0.00113408483,0.03830219898,0.03111824471,0.03040264456,0.008882502576,0.000929981561,0.00035641577,7.5401227e-05,0.1340281108,0.0104771788,0.1851798514,0.001402767718,0.001298737602,0.07658342616,0.0124275955,3.342634e-06,0.003536200173,0.006975274058,4.8593463e-05,2.9203708e-05,0.001800367061,66.0895
"SH15",14.17,3.60383,8.55,6.799,10110.2,0.111,0.004412488199,0.1158920492,0.000436861659,0.01217565895,0.000238012756,0.02029323304,0.02254942738,0.01484048899,0.004900100076,0.000844009314,0.000316276513,5.6170757e-05,0.08440787035,0.002051465129,0.04385468318,0.000754132627,0.001178675663,0.00597776557,0.002849596763,7.4737e-07,0.003884976645,0.001825981914,1.1509298e-05,8.936256e-06,0.000552886608,70.4907
"SH52",14.64,2.65957,8.48,7.2948,8901.05,0.0973868,0.003691578457,0.08812838934,0.000323782889,0.005104957372,0.00026565025,0.02263389793,0.03873907134,0.01379908393,0.0197499303,0.000942013733,0.000137531892,2.5897122e-05,0.1307584108,0.009231351609,0.07796270507,0.001280134329,0.001315540769,0.006671889951,0.003180485382,2.078343e-06,0.002758621726,0.007085032064,1.2113168e-05,9.973913e-06,0.00148942624,68.5463
"SA01",15,3.69211,0.11,2.5879,20548.2,0.0882263,0.004548355896,0.3455545318,0.0003182238,0.002436129651,0.001116219667,0.06759827985,0.05861780448,0.05812586131,0.02244946836,0.000866932855,0.000556156758,0.000216916286,0.2342587311,0.01301676763,0.07201984827,0.002325719052,0.001210688841,0.07047943845,0.02234237231,6.264925e-06,0.004660526287,0.01586233501,3.2738068e-05,4.1798928e-05,0.004791349865,69.4202
"SH46",16.23,2.42115,6.16,3.615,5221.96,0.0889387,0.005503447866,0.2843834605,0.000154539718,0.001572455173,0.000266188003,0.02217678384,0.08741502551,0.01067369621,0.006282553542,0.000943920644,0.000206918622,2.5949546e-05,0.07127659552,0.002294311511,0.02407131813,0.00092163252,0.001318203807,0.01663363376,0.003186923611,2.760449e-06,0.002500867167,0.02707812125,6.650772e-06,9.994103e-06,0.000648051966,66.43
"SH60",16.4,3.05515,5.16,3.2897,8523.79629203202,0.0934672,0.007051473124,0.1379316515,0.0009354747,0.01038964594,0.000261064143,0.04055995537,0.03436742829,0.01938959384,0.01409687953,0.000925751088,0.00035880751,8.6241487e-05,0.1648776741,0.006192842488,0.08622643482,0.002430358378,0.001292829663,0.006556708424,0.003125578426,3.710591e-06,0.00457094411,0.008068187897,1.4583404e-05,2.1170665e-05,0.002175275127,68.8712
"SA07",16.47,3.00421813605712,6.62,2.8486,5887.61,0.082437,0.007994524255,0.5864980619,0.000595455435,0.005873922473,0.001760158743,0.05999606283,0.05482746269,0.04859552908,0.04299375752,0.000832328204,0.000265695572,8.328067e-05,0.2714942224,0.02120104538,0.09200624211,0.002365076402,0.001162362763,0.03970649551,0.01018857974,8.254527e-06,0.005817606435,0.04026357258,3.4357228e-05,0.000101311504,0.004198459913,62.4252
"SA42",17.71,2.35052,7.37,14.712,10352.4,0.0853866264119654,0.002904819781,0.06547116429,0.000377019102,0.005853439614,0.000275398661,0.008515855844,0.008474569907,0.004798373404,0.003005131576,0.000976582257,0.000443998302,2.6847454e-05,0.02583967638,0.002373699452,0.02337294661,0.000237999795,0.001363816395,0.006916724375,0.003297197784,8.64763e-07,0.002528086497,0.002112798414,2.2873e-06,1.033992e-05,0.000479330533,67.3121
"SH54",18.07,2.2075,7.11,3.6386,7217.83,0.0963008,0.001623036763,0.06829994988,0.000147065825,0.001938744747,0.000305559516,0.01196783257,0.009402680008,0.00532387722,0.002103290149,0.001083534689,0.000287869523,2.9787708e-05,0.03049084598,0.002633660071,0.02094538846,0.000380803698,0.001513177576,0.007674223791,0.003658297238,9.59469e-07,0.000489629959,0.002344185915,2.537798e-06,1.1472318e-05,0.000270752964,67.1709
"SA58",18.27,3.50148,7.43,16.2281,11375.4036500298,0.0794448,0.01026628285,0.2687161902,0.001022346094,0.007363727517,0.000274723235,0.02281921392,0.03011327543,0.004786605207,0.007160716123,0.000974187151,0.000251981165,0.000364049345,0.09082976358,0.002367877862,0.0531815187,0.001526987928,0.001360471582,0.00689976084,0.003289111279,2.201453e-06,0.004536594161,0.002107616694,2.1600391e-05,1.0314561e-05,0.001348498421,62.3856
"SA05",22.56,4.5071,8.52,14.7017,20824.9,0.0956641,0.005221729467,0.8544847073,0.002235387391,0.005532139441,0.002679415647,0.08205188309,0.1134497853,0.04122842526,0.02765037185,0.001046733003,0.000240995972,0.000861036144,0.3815221178,0.01953698654,0.07561516586,0.00371979473,0.001461783296,0.03354768326,0.02347075441,6.376883e-06,0.009109284256,0.01699885581,7.9035709e-05,5.0290358e-05,0.004470989529,66.6716
"SA04",22.99,3.2401,8.15,3.0947,17115.9,0.0871119,0.008579714425,1.590186989,0.000790827882,0.006074011252,0.001627770992,0.08052340119,0.112347782,0.07595895335,0.02505734993,0.000866652634,0.000599016295,0.000180048873,0.3134443682,0.01748081289,0.08230609533,0.003716223761,0.001210297507,0.04122726369,0.0220426289,1.7514668e-05,0.008848156748,0.01338848942,8.2471895e-05,6.9236113e-05,0.002727548632,67.4017
"SA55",24.18,3.81371,9.44,4.3009,13194,0.112039,0.01203672937,0.08036284154,0.00030625753,0.00121824534,0.000344546377,0.0277940634,0.07288646739,0.006003159801,0.001442957163,0.00338238041,0.000619532684,3.3588373e-05,0.0147089161,0.002969693255,0.004112724652,0.000122917777,0.001706246486,0.008653391102,0.004125065626,1.08189e-06,0.002146554606,0.002643284596,2.8616e-06,1.293609e-05,0.000183981516,65.8421
"SH21",24.26,4.32884,8.27,3.2125,16864.6,0.0931364,0.008128713626,1.012547808,0.001851812086,0.02406807669,0.002238681809,0.08862356471,0.1099478801,0.07831754337,0.05568086038,0.000944086827,0.000415478013,0.000303969095,0.671108504,0.01934950294,0.2671615486,0.006406368305,0.001318435885,0.02272238163,0.02744596958,8.887552e-06,0.01303352394,0.01716758217,6.6291582e-05,0.000100990137,0.006873079516,69.3405
"SA16",43.74,5.73204,0.13,9.3454,25143.3583342978,0.0893981,0.004597024181,0.05513992551,0.000958429391,0.004945964476,0.000702905745,0.007576756956,0.007386327518,0.03891098511,0.005248961344,0.000851176695,0.000300433723,6.0649394e-05,0.07358234013,0.002068886301,0.03512738722,0.001007342276,0.001188685052,0.4835538452,0.00287379572,7.53716e-07,0.005384796578,0.003739239426,3.710415e-05,9.012143e-06,0.000850582836,67.7377
