"Commute.ID","FPM.Total","BC","OC","B","S","As","Mo","Pb","Al","Ca","K","Ba","Ni","V","Ce","Fe","Zn","Cu","Mn","Cr","Na","Mg","U","P","Ti","Cd","Co","Sb"
"SA22",6.73,4.14264,6.61,0.000824734324,0.05623839744,0.000208454475,0.01097795074,0.000231872934,0.01575266271,0.02183275845,0.004040008464,0.01360942761,0.002018470421,0.000187886584,6.5466849e-05,0.1194571528,0.001998545147,0.1091916756,0.001015050969,0.001148270323,0.005823562,0.002776088027,1.560852e-06,0.002675116701,0.005108587745,1.8900251e-05,8.705734e-06,0.001193321978
"SA35",6.78,1.86675,5.10919515166157,0.000613030302,0.04605437275,0.000186307421,0.007211651177,0.000283476907,0.003482529928,0.00872315376,0.004939123692,0.008595694538,0.001005228263,0.000109799654,2.7634968e-05,0.08186106808,0.002443326981,0.03704618773,0.000633446453,0.001403821108,0.007119612075,0.003393914212,8.90129e-07,0.00302714995,0.002174772954,5.815793e-06,1.064322e-05,0.000930723466
"SA28",6.88,2.37817,4.12,0.0002516813,0.024225853,0.000123937765,0.005901370614,0.000256860368,0.003155544239,0.007904109415,0.004475373833,0.005073960735,0.00091084422,0.000155540319,2.5040234e-05,0.03704828402,0.002213915325,0.02780893319,0.000219846598,0.001272011928,0.006451129303,0.003075248931,8.06552e-07,0.001115768318,0.001970576681,8.51815e-06,9.643895e-06,0.000604397808
"SH47",7.83,2.38598,5.7,0.000603564664,0.1265914811,0.000228187333,0.01277588088,0.00023950175,0.02031249641,0.03038161561,0.004172928154,0.008416567825,0.000849289385,0.000218485669,2.3348015e-05,0.06816419962,0.006816596065,0.1449881493,0.000544261074,0.003071418058,0.006015162108,0.002867423667,7.52045e-07,0.001715158693,0.001837405146,7.109396e-06,8.99216e-06,0.01843520263
"SA19",8.08,2.54482,0.14,0.000691711379,0.3023303133,0.000170337129,0.000528949534,0.000425598164,0.01073990939,0.02169819716,0.01256909853,0.0101456567,0.000728588747,0.000349400337,0.000110377058,0.1546007686,0.005261244257,0.02012248584,0.001083895192,0.001017488563,0.02893670217,0.002459906662,9.360935e-06,0.002343282292,0.006472732103,2.4824317e-05,1.825356e-05,0.001106904813
"SH28",8.79,3.84275,6.62,0.003581675654,0.0874105384,0.000165996063,0.001213841561,0.000241702877,0.01605731617,0.02777959158,0.04139809606,0.02045956323,0.00085709473,0.000520428834,0.000228732315,0.173885875,0.006972939441,0.02004274009,0.001431808467,0.001196949704,0.5113107375,0.009100199789,7.58957e-07,0.00329911302,0.0136203023,1.5658563e-05,2.1908768e-05,0.00129327779
"SA18",9.51,6.46087,8.29,0.000248611295,0.05732420733,0.000383467525,0.002966139808,0.000253727189,0.01463477495,0.03517730963,0.01433111483,0.01876700097,0.000899733754,0.000118166013,7.3933344e-05,0.1922785381,0.002186910016,0.03932314633,0.001464402708,0.001256495944,0.006372438515,0.003037737086,3.514726e-06,0.005983789959,0.005387191335,1.0384654e-05,2.9850503e-05,0.001642837416
"SA41",9.56,4.49241,7.78,0.00209341438,0.1658012467,0.000284608992,0.01119538619,0.000214981265,0.02599140237,0.02561607485,0.01438735608,0.03966448697,0.000762338089,0.000322917188,0.000193251538,0.2683863238,0.001852953493,0.1480638929,0.002012465299,0.001064620186,0.01198165176,0.005817912578,2.506974e-06,0.003893283437,0.0119078818,1.5780702e-05,2.2999779e-05,0.004066944854
"SH37",10,4.56155,6.96,0.000874937826,0.150311937,0.000220889582,0.01631757468,0.000261719288,0.1135176661,0.05667074568,0.02643306397,0.02449890773,0.000928074278,0.000598598334,0.00016002565,0.3287565235,0.007449887309,0.1829216639,0.003036141023,0.001296074044,0.060976662,0.01973198746,6.378579e-06,0.007984733832,0.01539618902,1.2650828e-05,4.0019502e-05,0.002460321565
"SA52",10.6,3.36045,4.33,0.001340557825,0.1887004485,0.000200689485,0.007162270567,0.000232713952,0.02355169425,0.02941957706,0.004054661833,0.0190782761,0.000825219397,0.000184778112,2.2686302e-05,0.1448041037,0.002005793998,0.06549149124,0.001779975723,0.001152435173,0.005844684431,0.002786157075,7.119842e-06,0.003549929405,0.007061606881,2.5577242e-05,8.737311e-06,0.002401216013
"SH59",10.62,3.19187,4.75,0.000586533734,0.01231781209,0.000182652752,0.007085438736,0.000280611254,0.009514764927,0.008634971862,0.004889194353,0.005931937436,0.000995066464,0.000110160912,2.7355608e-05,0.03613968616,0.002418627518,0.04258628339,0.000201116151,0.001389629955,0.007047640294,0.003359605313,8.81131e-07,0.001121095046,0.00215278829,2.330593e-06,1.0535628e-05,0.000411661307
"SA30",12.8,7.09702,9.24243805437958,0.001724468849,0.04304608817,0.000487939021,0.0218805459,0.000247388485,0.03369166881,0.02291810781,0.004310341686,0.02626460457,0.000877256282,0.000212320126,6.7964617e-05,0.2431441529,0.002132275844,0.1841210816,0.001923484879,0.001225105711,0.006213239965,0.002961847246,1.965633e-06,0.006592349073,0.008471787793,2.1299129e-05,2.9899768e-05,0.001873338204
"SH29",13.37,4.47288,8.31,0.00173526482,0.3813786236,0.00057454008,0.006670297987,0.000831205523,0.02262956616,0.03650268346,0.02454175714,0.03118822644,0.000963250076,0.000219076809,8.387635e-05,0.375576914,0.005589630606,0.07737202978,0.003128808894,0.001345197741,0.006822298104,0.003252184845,2.676484e-06,0.005745225343,0.01034841974,3.1622584e-05,3.1074975e-05,0.003449404876
"SH36",13.41,7.34475,6.43,0.001238280054,0.1225221911,0.000281500908,0.007088873255,0.00254622546,0.02994371701,0.1060919873,0.02060688186,0.033726389,0.000892842687,0.000201883302,0.000233912585,0.3321290111,0.009598113597,0.07238897586,0.002511474894,0.001246872432,0.03265979137,0.01112947006,3.238309e-06,0.01129031131,0.01285786846,7.731622e-06,3.5600704e-05,0.003600030329
"SA14",14.06,4.40158,7.08,0.002847308082,0.03802224457,0.000261860623,0.000761207434,0.000269444803,0.003310144729,0.008291357729,0.02882821671,0.000973430768,0.000955469474,0.000171666906,6.599656e-05,0.02631899861,0.002322382318,0.000869154275,9.6125103e-05,0.001334331976,0.4241072457,0.00322591549,8.46068e-07,0.00094260669,0.002067121713,2.237851e-06,1.0116381e-05,0.000118002275
"SH39",14.3,5.07715,6.46,0.00183192732,0.2583158667,0.000218691232,0.01314936754,0.002077910358,0.03938571993,0.07004018823,0.01255785624,0.01746710996,0.000913969805,0.000345855562,6.0398691e-05,0.197430727,0.006151731122,0.1614046463,0.001485459761,0.00127637687,0.0197492621,0.007914297879,2.061795e-06,0.004718665141,0.006555030796,3.7643039e-05,9.676988e-06,0.001621930467
"SA57",14.39,5.43629,7.62,0.000288609918,0.0319228216,0.000455121596,0.006358547447,0.000294548899,0.03836017283,0.02077579729,0.005132035132,0.0155134257,0.001044490295,9.73069e-05,2.871433e-05,0.1359414142,0.009435631283,0.0763958927,0.001100365691,0.00145865131,0.007397688653,0.003526473127,9.24895e-07,0.003307824901,0.005429659182,2.446351e-06,1.1058921e-05,0.002571023088
"SH32",14.43,4.40979,5,0.002654931144,0.1246569889,0.000256822789,0.003816860106,0.000306861617,0.01303265915,0.03438078261,0.01473509597,0.01450791106,0.001088152024,0.000525652502,2.9914645e-05,0.1020696969,0.002644883055,0.04086504635,0.000942346228,0.001519625776,0.02174448799,0.007420354037,9.63558e-07,0.002424714954,0.01241151745,8.76948e-06,1.1521205e-05,0.002402664909
"SA49",14.67,4.48659,5.83,0.003271920358,0.1359640324,0.00014312904,0.0131803125,0.000255924302,0.007295309026,0.01648136913,0.0044590644,0.005214970927,0.000907524865,0.000808742206,2.4948981e-05,0.05702900515,0.002205847239,0.03567994697,0.000308392777,0.001267376384,0.01623659274,0.00306404192,8.03613e-07,0.002394872504,0.001963395384,8.329745e-06,9.60875e-06,0.000799662458
"SA02",15,5.91673,11.9,0.0056508586,0.3364099641,0.00035847985,0.009796608296,0.000898475629,0.01717199761,0.04540474477,0.03540276344,0.03887804673,0.001131271019,0.000409812729,0.000110041863,0.4694684728,0.01498030776,0.120334447,0.003626944162,0.001579842303,0.02195692977,0.009220438979,4.097414e-06,0.008696228699,0.01253727704,2.5651784e-05,5.961082e-05,0.004279231084
"SH34",15.1,4.42341,0.14,0.002521216443,0.1045667854,0.000563449599,0.004040183295,0.000275867567,0.003389048756,0.008488999093,0.004806543332,0.01430858055,0.000792285828741694,0.000242225463,2.6893166e-05,0.1293105305,0.00237774102,0.02483132778,0.000905799681,0.00136613849,0.006928501103,0.003302811742,8.66235e-07,0.004846339237,0.004572031122,4.606502e-06,1.0357525e-05,0.001718363529
"SH06",15.3,5.75844,9.4,0.006098719227,0.2272654874,0.000328611113,0.01110314243,0.000304013546,0.01872934272,0.02784361263,0.0329923987,0.02408702161,0.004622401726,0.000411498411,8.664313e-05,0.3741949996,0.02237562526,0.08543442061,0.003046939931,0.001505521694,0.007635396256,0.008441085168,3.326853e-06,0.006081067653,0.009822946958,3.6458425e-05,6.0917531e-05,0.004536985033
"SA54",15.31,5.09971,6.45,0.002544582954,0.2173445745,0.000527528592,0.004158472196,0.000262173032,0.0235529627,0.08914094896,0.01669085564,0.0236737588,0.000929683283,0.000164370398,5.6682384e-05,0.2248847955,0.004839541241,0.06983843643,0.001876263616,0.001298321052,0.0911441923,0.007503264578,3.311315e-06,0.004611069571,0.007682186566,1.3379721e-05,2.2467191e-05,0.003346646258
"SA40",15.33,3.14364,5.91820981952445,0.00133178799,0.2533379516,0.000165102008,0.05179542488,0.000276354906,0.06811921957,0.05076307691,0.02245675245,0.01906982849,0.000979973168,0.000268288422,8.4778869e-05,0.1880938443,0.002381941465,0.466505796,0.001654344851,0.001368551869,0.0185210725,0.006933963206,3.956129e-06,0.006064427361,0.009794203087,4.3995446e-05,2.3567885e-05,0.002279892267
"SH44",15.61,7.45483,5.36,0.009219095932,0.3326307802,0.000299928915,0.01469743532,0.001458035387,0.06697424068,0.1292912717,0.03268494181,0.03717989861,0.000851379404,0.000423837873,0.000102391763,0.351084252,0.007505288725,0.1807292063,0.002712880953,0.003376802827,0.2663377067,0.01844226018,4.724451e-06,0.008217164049,0.01660116991,1.7629744e-05,5.0517109e-05,0.003789493397
"SA45",15.66,5.31984,6.16,0.001572475109,0.2094844428,0.000251178607,0.001690053112,0.000253769768,0.01635597701,0.03179465139,0.0110240294,0.01396448691,0.00289284995,0.000399422062,7.174445e-05,0.1240988735,0.006223191381,0.02617232719,0.001498488823,0.001256706801,0.02211830017,0.003038246859,7.96847e-07,0.004189105926,0.009076539063,7.17098e-06,5.4131728e-05,0.001335264543
"SH51",16,2.01191,7.42,0.002128872718,0.1450689309,0.000208878108,0.001439371336,0.000262400494,0.02426050245,0.0524442522,0.004571901504,0.01237074385,0.000930489879,0.000308207572,6.3021656e-05,0.09098516074,0.0106840536,0.02215998788,0.000857657113,0.00129944748,0.1433473507,0.00314157783,2.096571e-06,0.003887493406,0.002013079315,0.000182053087,9.8519e-06,0.001105059891
"SA38",16.11,6.40861,5.86,0.002553917715,0.5483070742,0.000346485008,0.006441415636,0.004367957691,0.03232567272,0.06623228705,0.03227400327,0.04652070249,0.000863744404,0.000311552156,9.8100713e-05,0.5139695223,0.01224856412,0.1009578077,0.003895082004,0.001206236106,0.01299475019,0.01170395736,7.145332e-06,0.007274465686,0.0110606373,0.000111577321,5.3190684e-05,0.003880330347
"SH26",16.11,4.99141,9.23,0.002865435169,0.08063100907,0.000207442619,0.003454857138,0.000200178359,0.01180223873,0.04720237273,0.0273456364,0.004367884594,0.001788871788,0.000175668017,0.001934027208,0.06792496428,0.00172536518,0.02516996715,0.000823008451,0.003190865173,0.4013783617,0.02658944266,6.28568e-07,0.00144896892,0.001535724674,1.4419504e-05,4.0979251e-05,0.000639679904
"SA48",16.68,5.25291,6.42,0.005078107144,0.2029371782,0.000388692198,0.006071826918,0.001076012231,0.04824178511,0.03839155577,0.02018342385,0.0288535407,0.002403646926,0.000489748664,9.1625911e-05,0.4366263011,0.006974753664,0.07409326723,0.003364877657,0.002726964836,0.0383864348,0.01237699095,4.045165e-06,0.003824569631,0.01118539064,2.8696284e-05,3.6485072e-05,0.007549118471
"SH50",16.68,6.3604,5.95,0.006355757227,0.08318722396,0.000778307186,0.003880751856,0.000250788697,0.003080953415,0.007717271903,0.004369584847,0.001525034264,0.000889313664,0.000259257267,2.4448332e-05,0.04108637733,0.002161582746,0.004722298564,8.9469491e-05,0.001241944082,0.006298637366,0.003002556129,7.87487e-07,0.004543796074,0.001923996146,2.082904e-06,9.415932e-06,0.000280494342
"SH03",16.87,6.74686,8.22,0.002519441614,0.3393494319,0.0005042196,0.01667846088,0.002264019155,0.09311148562,0.1412321385,0.05553986303,0.112908265,0.000814213965,0.000379722706,0.000378577579,0.9685905806,0.02122320636,0.2063331251,0.007908240145,0.0033444042,0.01908316088,0.03665291272,1.2304865e-05,0.01209017841,0.02592321067,4.3321321e-05,0.000111239544,0.007802874276
"SH45",17.09,5.39218,5.03,0.00299257993,0.1592441728,0.000427246647,0.01290175395,0.000477797659,0.1383489319,0.09204136173,0.05185804272,0.03037517116,0.000833363009,0.000708500699,0.000242219756,0.294263489,0.01049322869,0.1744878906,0.003103916381,0.002344854437,0.1165606804,0.02175475668,7.570477e-06,0.007575612325,0.01971431183,1.4274792e-05,5.6624471e-05,0.00267630828
"SA24",17.31,3.96096,3.89,0.001534199937,0.03177892209,0.000179275431,0.002878947335,0.000316148284,0.003883899653,0.009728517648,0.005508369257,0.005939050578,0.001121083173,0.000382867585,3.0819963e-05,0.09913223518,0.002724926134,0.01381400764,0.000660379561,0.001565614776,0.00794016403,0.003785070769,9.92718e-07,0.001077519136,0.002425420627,2.625743e-06,1.1869876e-05,0.000407700456
"SA11",17.38,5.37826,9.59,0.003038838442,0.1209151179,0.000679586169,0.002416330978,0.000858691436,0.02588756995,0.05128298396,0.05786723705,0.02807177675,0.001048370122,0.000246398677,0.000160601005,0.257272066,0.009632748043,0.03340236588,0.002716024873,0.001464069565,0.6006433505,0.00787418105,3.263034e-06,0.004938687014,0.007330871641,2.7330099e-05,7.5226342e-05,0.002219492967
"SA33",20.69,6.77022,9.69780446153315,0.004222380679,0.06029646095,0.000465910467,0.002594943504,0.000536098794,0.003146584335,0.007881666357,0.01637819766,0.01495671722,0.000908257954,0.000272432624,5.1281461e-05,0.1514510263,0.002207629097,0.02963279721,0.001140825558,0.001268400157,0.00643281186,0.003066517019,8.04262e-07,0.004233307832,0.001964981393,2.0442587e-05,9.616511e-06,0.001361787048
"SH02",21,7.32655,9.35,0.003125311155,0.2176896964,0.0005906223,0.006325517826,0.000761618319,0.009701532594,0.03606021687,0.01958803657,0.02961285337,0.000912906567,0.000295130483,5.6168443e-05,0.3405770189,0.007311785043,0.077725037,0.003181736981,0.001274892037,0.006465736048,0.003082211957,6.690575e-06,0.006121623855,0.0135846337,2.6404306e-05,3.8111556e-05,0.005096915979
"SH53",21.01,6.90698,6.88,0.007275492215,0.175230664,0.000443521249,0.01629608811,0.000249732585,0.01528247975,0.02452110239,0.00435118381,0.00891261674,0.000885568619,0.000280850315,2.4345376e-05,0.07981890634,0.002152479967,0.03876782021,0.000567981955,0.001236714052,0.006272112773,0.002989911874,7.8417e-07,0.003563950758,0.001915893883,1.9205742e-05,9.37628e-06,0.000887823708
"SH16",21.6,6.99676,0.12,0.000968354732,0.3060308849,0.000274293697,0.00709693479,0.000232409946,0.01721196813,0.02265611087,0.01171350029,0.01000074488,0.000824141369,0.000616399977,2.2656665e-05,0.1411602431,0.01123310989,0.0327527455,0.001114842601,0.001150929686,0.03874423006,0.01021744499,3.846143e-06,0.003796538224,0.004751577549,6.317565e-06,8.725897e-06,0.001134518571
"SH17",21.63,9.56769,0.13,0.003510578236,0.3114748294,0.000691226543,0.006707783881,0.00072230362,0.06437049778,0.09606577021,0.06551260711,0.0816016054,0.000818689034,0.000599376208,0.000256449957,0.7726768924,0.01537416826,0.105536374,0.006048162622,0.001143315393,0.05006177242,0.02588420392,9.951045e-06,0.01331350974,0.03285705379,2.7498654e-05,8.756896e-05,0.006923083596
"SA06",22.37,6.36535,8.32,0.006134657248,0.3030675459,0.000461376272,0.02087509386,0.003261621843,0.07233036885,0.1151667255,0.05307891261,0.05299345419,0.000990593567,0.000356525206,0.000213338363,0.5623510856,0.01885467904,0.2609840923,0.00488752946,0.001383383465,0.03973883151,0.0154924605,9.312066e-06,0.009319410184,0.02576581885,6.4236534e-05,6.7127504e-05,0.01133233812
"SH24",22.94,7.31046,11.48,0.002913235662,0.01146801428,0.000233560874,0.000811062285,0.000261252067,0.003209496505,0.008039250797,0.00455189203,0.000251232397,0.000926417479,0.000440241218,9.7012457e-05,0.004505984112,0.002251767986,0.00084272678,9.3202324e-05,0.001293760292,0.006561428197,0.003127828339,8.20342e-07,0.0004186315,0.002004268833,2.169807e-06,9.808782e-06,5.2179177e-05
"SH20",23.09,9.73825627714636,0.12,0.006961923674,0.2884349948,0.000653992843,0.001861025344,0.000540460047,0.02782010877,0.04989106967,0.02760876031,0.03718725404,0.000860464245,0.000608378708,0.000115222072,0.4136206981,0.007124321707,0.02464901275,0.003174830963,0.001201655299,0.01783829376,0.007000675744,4.40928e-06,0.005125142176,0.01682668182,1.8563515e-05,3.3821678e-05,0.004136876305
"SH10",23.71,6.3252,9.53,0.008595694077,0.4918843737,0.000493108715,0.01288514857,0.001625978701,0.0513390702,0.0790498785,0.04365341543,0.07069380581,0.000883720035,0.000534704702,0.000251183291,0.6629339319,0.01602336901,0.1320328776,0.005473946108,0.004001116855,0.01613100538,0.01872253028,9.326323e-06,0.009488701233,0.02282602447,4.4385857e-05,6.4235605e-05,0.006514017923
"SH57",24.03,10.8716,7.5,0.008228165511,0.3301318479,0.000726054391,0.01166724072,0.000327059487,0.04275828824,0.02883961023,0.01610032708,0.02102452805,0.001159775036,0.000371610509,6.7239307e-05,0.2054117445,0.006373643747,0.1065328544,0.001877373937,0.001619648726,0.02201279448,0.003915704643,2.169677e-06,0.006824608827,0.006636534,1.1218924e-05,3.0894909e-05,0.002969652485
"SA03",24.36,10.6462,14.61,0.006085922879,0.1083651487,0.000390964646,0.004827379313,0.000290810394,0.0118274716,0.008948819877,0.005066897762,0.01223402126,0.001031233303,0.000445915389,2.8349879e-05,0.1403236675,0.002506535326,0.02542706767,0.000991867968,0.001440137659,0.007303794912,0.003481714045,3.65057e-06,0.004962197428,0.002231033864,1.1681108e-05,1.0918558e-05,0.000972056504
"SH07",24.6,9.91976,11.9,0.006889672264,0.3632452952,0.000569116837,0.01714497598,0.002107093637,0.04988433306,0.0935372917,0.04852944214,0.06445312293,0.003065685697,0.000681590137,0.000246188526,0.7273127427,0.03486525201,0.2148758847,0.005868600944,0.002997246795,0.05427343315,0.02077891131,8.665776e-06,0.009318251946,0.02192034466,3.5156686e-05,7.2438023e-05,0.006909219476
"SA43",24.73,5.11849,5.79233913799656,0.001638198206,0.08795570355,0.000260765667,0.004100874399,0.000254953475,0.0153152759,0.007845430487,0.004442149326,0.009804349085,0.000904082248,0.000408371894,2.4854339e-05,0.0970560176,0.002197479548,0.02555140659,0.000818612895,0.001262568702,0.006403237082,0.003052418742,8.00564e-07,0.006462190066,0.009669785161,1.0222849e-05,9.5723e-06,0.00119712809
"SH14",24.85,5.15577,9.81,0.004788841607,0.6159769217,0.000444112346,0.01825001846,0.000802665146,0.06874674919,0.0686188175,0.04353269254,0.03353717537,0.000818689034,0.000903583479,0.000176500765,0.3452875423,0.006477756316,0.146403916,0.002860692326,0.001143315393,0.02763460894,0.01947385578,6.411364e-06,0.006652423559,0.01750302627,2.9794785e-05,3.7761782e-05,0.003494072317
"SH11",25.11,9.20241,10.64,0.009237054041,0.6096719036,0.000375605514,0.01738923972,0.001429735187,0.06821098024,0.08344477201,0.05848410312,0.06819490397,0.000904438046,0.000586771287,0.000450161334,0.6171598666,0.01314904012,0.2214674796,0.005231268416,0.00126306558,0.06794741031,0.0196984188,9.157711e-06,0.01105333883,0.03004072551,5.2976638e-05,6.8071076e-05,0.007741832819
"SH41",25.16,8.5293,6.06,0.004288923954,0.4204867541,0.000291107378,0.01689630094,0.000867303683,0.1315156927,0.06151133394,0.06996703349,0.02299771592,0.000722778368,0.001151134575,0.000178830684,0.5092270935,0.01577226853,0.2288560933,0.005618490717,0.002118554725,0.06223654008,0.01609782128,1.18486e-05,0.008369347529,0.02718106172,3.4150533e-05,9.7211358e-05,0.006004785334
"SA08",27.53,7.57355,7.79,0.007192316455,0.325975133,0.00062966265,0.004113317359,0.000902910992,0.03980562012,0.07354974809,0.03844892808,0.04948470272,0.000894729673,0.000414037165,0.000207346728,0.4732744608,0.009123167735,0.05898149999,0.004105983453,0.001249507646,0.03084825843,0.01254145351,6.07869e-06,0.007433904689,0.02512408528,2.6100399e-05,4.9828521e-05,0.005349673364
"SA15",28.45,3.10134,21.99,0.002390752927,0.1925865307,0.000166113883,0.007981918538,0.001173692712,0.1687968853,0.2694365533,0.0557453067,0.02239156178,0.000868969887,0.00078938108,0.000165637623,0.1994098421,0.02338844884,0.09922290514,0.001977163924,0.001213533597,0.5062820221,0.01865353804,3.42161e-06,0.00809276498,0.02980287494,2.9607348e-05,2.8702127e-05,0.002230378212
"SH55",30.63,9.50201,10,0.007416629642,0.231759815,0.000551726654,0.007281669943,0.0002967453,0.0193639167,0.009131448855,0.005170303839,0.01407122514,0.001052278881,0.000309915132,2.8928448e-05,0.1432374872,0.002557689108,0.07395659353,0.001228948035,0.001469528223,0.007452851952,0.003552769434,9.31792e-07,0.004629286765,0.01147062818,1.3290518e-05,1.1141385e-05,0.004350828969
"SA60",33.29,11.0023,9.44,0.006106383943,0.07363941733,0.000204557191,0.001935778461,0.000315735264,0.003878825681,0.009715808198,0.005501173059,0.003853177233,0.001119618577,0.000198977405,3.0779699e-05,0.02758087785,0.002721366258,0.01965061313,0.000112639341,0.001563569438,0.007929790906,0.003780125907,9.91421e-07,0.000505935623,0.002422252029,2.622312e-06,1.1854369e-05,0.000428316286
"SA32",65.49,4.35427,27.97,0.000780737459,0.05154065206,0.000253160191,0.001906392479,0.00079956203,0.05905976966,0.02981194019,0.0206324512,0.01707456441,0.0024310604,0.000678021186,7.0173637e-05,0.2994231736,0.002083940613,0.03205110186,0.003479907219,0.001197334554,0.02612681879,0.007998126863,6.36739e-06,0.007412349813,0.02288981434,2.1204997e-05,6.0860954e-05,0.002795296613
"SH22",21.5039201458915,6.97853,9.06,0.005663527727,0.2016644618,0.000688551398,0.01262062187,0.000863194065,0.02954922047,0.09171308752,0.0295184856,0.03451317793,0.000892842687,0.000443281647,0.000163913438,0.3641277807,0.008701625265,0.07626704052,0.002769125397,0.001246872432,0.006323631959,0.01225295574,5.302612e-06,0.005695854948,0.01298790413,5.3376896e-05,5.1207951e-05,0.003517943221
"SA20",6.95,1.35057,7.1,0.002047239035,0.3390898247,0.000616602792,0.001743381626,0.001412034592,0.06318031048,0.05021112649,0.04124747078,0.01421700038,0.001001758486,0.000243966453,0.002338609768,0.1992017504,0.006613888285,0.04500293678,0.001961675196,0.001398975495,0.02010342999,0.01945899814,5.89429e-06,0.005440484265,0.007823831563,5.5701626e-05,5.2113681e-05,0.002262395256
"SH33",8.31,1.25131,5.64,0.003362254743,0.1188072261,0.000204918433,0.002829841278,0.00025717926,0.01582706658,0.00791392234,0.004480929994,0.007253792552,0.00091197503,0.000175294538,2.5071321e-05,0.06813366789,0.002216663894,0.0285833454,0.000589345491,0.001273591127,0.006459138358,0.003079066842,8.07553e-07,0.002737309425,0.001973023145,6.473113e-06,9.655867e-06,0.001077866118
"SH27",8.53,1.29302,5.83,0.002739508355,0.1472570576,0.000147421793,0.008952874072,0.000266986943,0.02181811641,0.008215724464,0.0432792059,0.004971638992,0.000946753739,0.000214076882,2.6027431e-05,0.05446370014,0.002301197686,0.07490196747,0.000563254951,0.00132216028,0.5719518238,0.003196488883,6.047846e-06,0.001817869139,0.002048265553,1.7634426e-05,1.00241e-05,0.000561549937
"SA17",8.77,1.72752,8.02,0.000801940791,0.1576265809,0.000136110706,0.01059166729,0.00026824989,0.02685019572,0.01899244692,0.0150030444,0.01469281514,0.000951232233,0.001063534674,0.000113937584,0.1345475128,0.0023120832,0.1196713157,0.001180168076,0.001328414586,0.08093179038,0.008578463204,8.42315e-07,0.00250483728,0.01396694232,1.5853318e-05,1.0071517e-05,0.00127061658
"SH31",8.79,1.37846,4.5,0.002972786041,0.4967719235,0.000172153427,0.002237815396,0.000677692285,0.03191938626,0.05041988012,0.02411293785,0.1011538596,0.002069334292,0.000308604312,5.9677763e-05,0.2684049364,0.01188310775,0.1093663504,0.002395479625,0.001273591127,0.02323751124,0.008511568236,6.251271e-06,0.002396492287,0.01278934036,1.9228234e-05,2.7451428e-05,0.004079335191
"SH38",9.3,2.00141,5.48,0.001519021341,0.06696098545,0.000302053233,0.004714034129,0.00026358586,0.01398946903,0.008111066313,0.004592554585,0.006594487467,0.002198706633,0.000132889564,2.5695874e-05,0.1165258752,0.002271883279,0.04965035484,0.000740333233,0.001305317596,0.03909162183,0.003155769575,8.2767e-07,0.002073499472,0.002022173188,2.18919e-06,9.896405e-06,0.000824019242
"SH49",9.7,1.82778,5.59,0.002441737966,0.1524472235,0.000331345333,0.002118790316,0.00829300322,0.01429750044,0.06976770363,0.004179989693,0.006158973843,0.000850726575,0.000228989534,7.5848645e-05,0.07603966243,0.004702898028,0.0280713132,0.000723535601,0.00118805645,0.03208999672,0.002872275997,7.53318e-07,0.005189744054,0.001840514451,1.992527e-06,9.007377e-06,0.000660525573
"SH13",12.47,1.94922,8.51,0.004050038568,0.2152182961,0.000166339803,0.01504926156,0.000247849767,0.05029583711,0.05760228976,0.02856030694,0.01401966889,0.00087889202,0.000276565368,0.000195583461,0.1460823669,0.002136251698,0.1454613881,0.001413902377,0.00122739005,0.02232788138,0.01135642372,4.334989e-06,0.004100165516,0.009741226115,2.3917785e-05,2.0892954e-05,0.001555468868
"SA36",12.65,1.04507,0.13,0.00150120063,0.224719922,7.3515186e-05,0.0112480901,0.000620518083,0.0375273328,0.04240974915,0.02175281937,0.004555160075,0.000884984021,0.000211350853,2.4329305e-05,0.07066994481,0.005844826039,0.09516402577,0.0008066238,0.00123589765,0.02640057081,0.006889357534,7.83653e-07,0.002399018246,0.006921867032,1.2512583e-05,9.37009e-06,0.000572912957
"SH19",12.7,3.0756049835321,6.05,0.003231239127,0.5126098403,0.000492332166,0.001660312453,0.000813877008,0.09452960743,0.08948323249,0.06342008275,0.02773365947,0.000935712638,0.00028222031,0.000307800987,0.4050216755,0.01062776345,0.04321368966,0.004388296752,0.001306741165,0.0330882624,0.02287708509,7.27361e-06,0.0110319812,0.01603860139,3.2577115e-05,7.8358182e-05,0.003058343141
"SH48",12.93,1.51987,5.78,0.001172115418,0.165095791,0.000239647388,0.007066243545,0.000249677608,0.01544778201,0.03430961855,0.004350225927,0.009580252067,0.000885373667,0.000156838342,2.4340017e-05,0.08072546231,0.002152006114,0.07538892597,0.000705346026,0.001236441798,0.08377020213,0.006604815827,7.83998e-07,0.002736437203,0.001915472112,2.073676e-06,9.374216e-06,0.01187449413
"SA37",13.34,0.971729,6.6,0.002584847867,0.09630851691,0.000353925146,0.0189151634,0.000356080385,0.02940948166,0.01095730859,0.02711185384,0.008525044139,0.001262685101,0.000160786231,3.4712775e-05,0.1257449277,0.003069106478,0.1385436946,0.001164936071,0.001763364662,0.008943071358,0.004263156007,1.118107e-06,0.003110483564,0.002731770989,2.0651456e-05,1.3369138e-05,0.001387645195
"SH30",13.6,4.02894,9.75,0.001378249339,0.0828228588,0.000688779117,0.01432214117,0.000583865456,0.01504214966,0.01843039609,0.01364193769,0.01466064045,0.00101785761,0.000173494685,9.3719656e-05,0.1876738334,0.002474024112,0.0881946204,0.001919214127,0.00142145824,0.007209060464,0.003436554198,9.01312e-07,0.003643724464,0.005315853359,3.4594503e-05,1.0776938e-05,0.002045616248
"SA47",14.1,2.4692,0.14,0.003693795867,0.1088453399,0.000200012854,0.003910256632,0.000266547717,0.01503763246,0.01885246852,0.01074173526,0.005716172388,0.000945196212,0.000378325135,2.5984613e-05,0.1131141368,0.002297411932,0.04205092465,0.000942651768,0.001319985163,0.06162272528,0.00955218297,8.36971e-07,0.001482371565,0.002044895904,7.498819e-06,1.0007609e-05,0.001872210365
"SA21",14.15,2.02629,7.45,0.005098147374,0.2084950658,0.000445252435,0.0254819902,0.00113408483,0.03830219898,0.03111824471,0.03040264456,0.008882502576,0.000929981561,0.00035641577,7.5401227e-05,0.1340281108,0.0104771788,0.1851798514,0.001402767718,0.001298737602,0.07658342616,0.0124275955,3.342634e-06,0.003536200173,0.006975274058,4.8593463e-05,2.9203708e-05,0.001800367061
"SH15",14.17,3.60383,8.55,0.004412488199,0.1158920492,0.000436861659,0.01217565895,0.000238012756,0.02029323304,0.02254942738,0.01484048899,0.004900100076,0.000844009314,0.000316276513,5.6170757e-05,0.08440787035,0.002051465129,0.04385468318,0.000754132627,0.001178675663,0.00597776557,0.002849596763,7.4737e-07,0.003884976645,0.001825981914,1.1509298e-05,8.936256e-06,0.000552886608
"SH52",14.64,2.65957,8.48,0.003691578457,0.08812838934,0.000323782889,0.005104957372,0.00026565025,0.02263389793,0.03873907134,0.01379908393,0.0197499303,0.000942013733,0.000137531892,2.5897122e-05,0.1307584108,0.009231351609,0.07796270507,0.001280134329,0.001315540769,0.006671889951,0.003180485382,2.078343e-06,0.002758621726,0.007085032064,1.2113168e-05,9.973913e-06,0.00148942624
"SA01",15,3.69211,0.11,0.004548355896,0.3455545318,0.0003182238,0.002436129651,0.001116219667,0.06759827985,0.05861780448,0.05812586131,0.02244946836,0.000866932855,0.000556156758,0.000216916286,0.2342587311,0.01301676763,0.07201984827,0.002325719052,0.001210688841,0.07047943845,0.02234237231,6.264925e-06,0.004660526287,0.01586233501,3.2738068e-05,4.1798928e-05,0.004791349865
"SH46",16.23,2.42115,6.16,0.005503447866,0.2843834605,0.000154539718,0.001572455173,0.000266188003,0.02217678384,0.08741502551,0.01067369621,0.006282553542,0.000943920644,0.000206918622,2.5949546e-05,0.07127659552,0.002294311511,0.02407131813,0.00092163252,0.001318203807,0.01663363376,0.003186923611,2.760449e-06,0.002500867167,0.02707812125,6.650772e-06,9.994103e-06,0.000648051966
"SH60",16.4,3.05515,5.16,0.007051473124,0.1379316515,0.0009354747,0.01038964594,0.000261064143,0.04055995537,0.03436742829,0.01938959384,0.01409687953,0.000925751088,0.00035880751,8.6241487e-05,0.1648776741,0.006192842488,0.08622643482,0.002430358378,0.001292829663,0.006556708424,0.003125578426,3.710591e-06,0.00457094411,0.008068187897,1.4583404e-05,2.1170665e-05,0.002175275127
"SA07",16.47,3.00421813605712,6.62,0.007994524255,0.5864980619,0.000595455435,0.005873922473,0.001760158743,0.05999606283,0.05482746269,0.04859552908,0.04299375752,0.000832328204,0.000265695572,8.328067e-05,0.2714942224,0.02120104538,0.09200624211,0.002365076402,0.001162362763,0.03970649551,0.01018857974,8.254527e-06,0.005817606435,0.04026357258,3.4357228e-05,0.000101311504,0.004198459913
"SA42",17.71,2.35052,7.37,0.002904819781,0.06547116429,0.000377019102,0.005853439614,0.000275398661,0.008515855844,0.008474569907,0.004798373404,0.003005131576,0.000976582257,0.000443998302,2.6847454e-05,0.02583967638,0.002373699452,0.02337294661,0.000237999795,0.001363816395,0.006916724375,0.003297197784,8.64763e-07,0.002528086497,0.002112798414,2.2873e-06,1.033992e-05,0.000479330533
"SH54",18.07,2.2075,7.11,0.001623036763,0.06829994988,0.000147065825,0.001938744747,0.000305559516,0.01196783257,0.009402680008,0.00532387722,0.002103290149,0.001083534689,0.000287869523,2.9787708e-05,0.03049084598,0.002633660071,0.02094538846,0.000380803698,0.001513177576,0.007674223791,0.003658297238,9.59469e-07,0.000489629959,0.002344185915,2.537798e-06,1.1472318e-05,0.000270752964
"SA58",18.27,3.50148,7.43,0.01026628285,0.2687161902,0.001022346094,0.007363727517,0.000274723235,0.02281921392,0.03011327543,0.004786605207,0.007160716123,0.000974187151,0.000251981165,0.000364049345,0.09082976358,0.002367877862,0.0531815187,0.001526987928,0.001360471582,0.00689976084,0.003289111279,2.201453e-06,0.004536594161,0.002107616694,2.1600391e-05,1.0314561e-05,0.001348498421
"SA05",22.56,4.5071,8.52,0.005221729467,0.8544847073,0.002235387391,0.005532139441,0.002679415647,0.08205188309,0.1134497853,0.04122842526,0.02765037185,0.001046733003,0.000240995972,0.000861036144,0.3815221178,0.01953698654,0.07561516586,0.00371979473,0.001461783296,0.03354768326,0.02347075441,6.376883e-06,0.009109284256,0.01699885581,7.9035709e-05,5.0290358e-05,0.004470989529
"SA04",22.99,3.2401,8.15,0.008579714425,1.590186989,0.000790827882,0.006074011252,0.001627770992,0.08052340119,0.112347782,0.07595895335,0.02505734993,0.000866652634,0.000599016295,0.000180048873,0.3134443682,0.01748081289,0.08230609533,0.003716223761,0.001210297507,0.04122726369,0.0220426289,1.7514668e-05,0.008848156748,0.01338848942,8.2471895e-05,6.9236113e-05,0.002727548632
"SA55",24.18,3.81371,9.44,0.01203672937,0.08036284154,0.00030625753,0.00121824534,0.000344546377,0.0277940634,0.07288646739,0.006003159801,0.001442957163,0.00338238041,0.000619532684,3.3588373e-05,0.0147089161,0.002969693255,0.004112724652,0.000122917777,0.001706246486,0.008653391102,0.004125065626,1.08189e-06,0.002146554606,0.002643284596,2.8616e-06,1.293609e-05,0.000183981516
"SH21",24.26,4.32884,8.27,0.008128713626,1.012547808,0.001851812086,0.02406807669,0.002238681809,0.08862356471,0.1099478801,0.07831754337,0.05568086038,0.000944086827,0.000415478013,0.000303969095,0.671108504,0.01934950294,0.2671615486,0.006406368305,0.001318435885,0.02272238163,0.02744596958,8.887552e-06,0.01303352394,0.01716758217,6.6291582e-05,0.000100990137,0.006873079516
"SA16",43.74,5.73204,0.13,0.004597024181,0.05513992551,0.000958429391,0.004945964476,0.000702905745,0.007576756956,0.007386327518,0.03891098511,0.005248961344,0.000851176695,0.000300433723,6.0649394e-05,0.07358234013,0.002068886301,0.03512738722,0.001007342276,0.001188685052,0.4835538452,0.00287379572,7.53716e-07,0.005384796578,0.003739239426,3.710415e-05,9.012143e-06,0.000850582836
